"Date","Source","Site ID","POC","Daily Mean PM10 Concentration","UNITS","DAILY_AQI_VALUE","Site Name","DAILY_OBS_COUNT","PERCENT_COMPLETE","AQS_PARAMETER_CODE","AQS_PARAMETER_DESC","CBSA_CODE","CBSA_NAME","STATE_CODE","STATE","COUNTY_CODE","COUNTY","SITE_LATITUDE","SITE_LONGITUDE"
"01/03/2015","AQS","340130003","1","12","ug/m3 SC","11","Newark Firehouse","1","100.0000","81102","PM10 Total 0-10um STP","35620","New York-Newark-Jersey City, NY-NJ-PA","34","New Jersey","013","Essex","40.720989","-74.192892"
"01/09/2015","AQS","340130003","1","14","ug/m3 SC","13","Newark Firehouse","1","100.0000","81102","PM10 Total 0-10um STP","35620","New York-Newark-Jersey City, NY-NJ-PA","34","New Jersey","013","Essex","40.720989","-74.192892"
"01/12/2015","AQS","340130003","1","14","ug/m3 SC","13","Newark Firehouse","1","100.0000","81102","PM10 Total 0-10um STP","35620","New York-Newark-Jersey City, NY-NJ-PA","34","New Jersey","013","Essex","40.720989","-74.192892"
"01/15/2015","AQS","340130003","1","19","ug/m3 SC","18","Newark Firehouse","1","100.0000","81102","PM10 Total 0-10um STP","35620","New York-Newark-Jersey City, NY-NJ-PA","34","New Jersey","013","Essex","40.720989","-74.192892"
"01/18/2015","AQS","340130003","1","13","ug/m3 SC","12","Newark Firehouse","1","100.0000","81102","PM10 Total 0-10um STP","35620","New York-Newark-Jersey City, NY-NJ-PA","34","New Jersey","013","Essex","40.720989","-74.192892"
"01/21/2015","AQS","340130003","1","17","ug/m3 SC","16","Newark Firehouse","1","100.0000","81102","PM10 Total 0-10um STP","35620","New York-Newark-Jersey City, NY-NJ-PA","34","New Jersey","013","Essex","40.720989","-74.192892"
"01/27/2015","AQS","340130003","1","4","ug/m3 SC","4","Newark Firehouse","1","100.0000","81102","PM10 Total 0-10um STP","35620","New York-Newark-Jersey City, NY-NJ-PA","34","New Jersey","013","Essex","40.720989","-74.192892"
"01/30/2015","AQS","340130003","1","10","ug/m3 SC","9","Newark Firehouse","1","100.0000","81102","PM10 Total 0-10um STP","35620","New York-Newark-Jersey City, NY-NJ-PA","34","New Jersey","013","Essex","40.720989","-74.192892"
"02/02/2015","AQS","340130003","1","7","ug/m3 SC","6","Newark Firehouse","1","100.0000","81102","PM10 Total 0-10um STP","35620","New York-Newark-Jersey City, NY-NJ-PA","34","New Jersey","013","Essex","40.720989","-74.192892"
"02/05/2015","AQS","340130003","1","10","ug/m3 SC","9","Newark Firehouse","1","100.0000","81102","PM10 Total 0-10um STP","35620","New York-Newark-Jersey City, NY-NJ-PA","34","New Jersey","013","Essex","40.720989","-74.192892"
"02/08/2015","AQS","340130003","1","38","ug/m3 SC","35","Newark Firehouse","1","100.0000","81102","PM10 Total 0-10um STP","35620","New York-Newark-Jersey City, NY-NJ-PA","34","New Jersey","013","Essex","40.720989","-74.192892"
"02/11/2015","AQS","340130003","1","18","ug/m3 SC","17","Newark Firehouse","1","100.0000","81102","PM10 Total 0-10um STP","35620","New York-Newark-Jersey City, NY-NJ-PA","34","New Jersey","013","Essex","40.720989","-74.192892"
"02/14/2015","AQS","340130003","1","18","ug/m3 SC","17","Newark Firehouse","1","100.0000","81102","PM10 Total 0-10um STP","35620","New York-Newark-Jersey City, NY-NJ-PA","34","New Jersey","013","Essex","40.720989","-74.192892"
"02/17/2015","AQS","340130003","1","15","ug/m3 SC","14","Newark Firehouse","1","100.0000","81102","PM10 Total 0-10um STP","35620","New York-Newark-Jersey City, NY-NJ-PA","34","New Jersey","013","Essex","40.720989","-74.192892"
"02/20/2015","AQS","340130003","1","14","ug/m3 SC","13","Newark Firehouse","1","100.0000","81102","PM10 Total 0-10um STP","35620","New York-Newark-Jersey City, NY-NJ-PA","34","New Jersey","013","Essex","40.720989","-74.192892"
"02/23/2015","AQS","340130003","1","8","ug/m3 SC","7","Newark Firehouse","1","100.0000","81102","PM10 Total 0-10um STP","35620","New York-Newark-Jersey City, NY-NJ-PA","34","New Jersey","013","Essex","40.720989","-74.192892"
"02/26/2015","AQS","340130003","1","12","ug/m3 SC","11","Newark Firehouse","1","100.0000","81102","PM10 Total 0-10um STP","35620","New York-Newark-Jersey City, NY-NJ-PA","34","New Jersey","013","Essex","40.720989","-74.192892"
"03/01/2015","AQS","340130003","1","22","ug/m3 SC","20","Newark Firehouse","1","100.0000","81102","PM10 Total 0-10um STP","35620","New York-Newark-Jersey City, NY-NJ-PA","34","New Jersey","013","Essex","40.720989","-74.192892"
"03/04/2015","AQS","340130003","1","23","ug/m3 SC","21","Newark Firehouse","1","100.0000","81102","PM10 Total 0-10um STP","35620","New York-Newark-Jersey City, NY-NJ-PA","34","New Jersey","013","Essex","40.720989","-74.192892"
"03/07/2015","AQS","340130003","1","25","ug/m3 SC","23","Newark Firehouse","1","100.0000","81102","PM10 Total 0-10um STP","35620","New York-Newark-Jersey City, NY-NJ-PA","34","New Jersey","013","Essex","40.720989","-74.192892"
"03/10/2015","AQS","340130003","1","35","ug/m3 SC","32","Newark Firehouse","1","100.0000","81102","PM10 Total 0-10um STP","35620","New York-Newark-Jersey City, NY-NJ-PA","34","New Jersey","013","Essex","40.720989","-74.192892"
"03/13/2015","AQS","340130003","1","16","ug/m3 SC","15","Newark Firehouse","1","100.0000","81102","PM10 Total 0-10um STP","35620","New York-Newark-Jersey City, NY-NJ-PA","34","New Jersey","013","Essex","40.720989","-74.192892"
"03/16/2015","AQS","340130003","1","14","ug/m3 SC","13","Newark Firehouse","1","100.0000","81102","PM10 Total 0-10um STP","35620","New York-Newark-Jersey City, NY-NJ-PA","34","New Jersey","013","Essex","40.720989","-74.192892"
"03/19/2015","AQS","340130003","1","9","ug/m3 SC","8","Newark Firehouse","1","100.0000","81102","PM10 Total 0-10um STP","35620","New York-Newark-Jersey City, NY-NJ-PA","34","New Jersey","013","Essex","40.720989","-74.192892"
"03/22/2015","AQS","340130003","1","8","ug/m3 SC","7","Newark Firehouse","1","100.0000","81102","PM10 Total 0-10um STP","35620","New York-Newark-Jersey City, NY-NJ-PA","34","New Jersey","013","Essex","40.720989","-74.192892"
"03/25/2015","AQS","340130003","1","38","ug/m3 SC","35","Newark Firehouse","1","100.0000","81102","PM10 Total 0-10um STP","35620","New York-Newark-Jersey City, NY-NJ-PA","34","New Jersey","013","Essex","40.720989","-74.192892"
"03/31/2015","AQS","340130003","1","6","ug/m3 SC","6","Newark Firehouse","1","100.0000","81102","PM10 Total 0-10um STP","35620","New York-Newark-Jersey City, NY-NJ-PA","34","New Jersey","013","Essex","40.720989","-74.192892"
"04/03/2015","AQS","340130003","1","16","ug/m3 SC","15","Newark Firehouse","1","100.0000","81102","PM10 Total 0-10um STP","35620","New York-Newark-Jersey City, NY-NJ-PA","34","New Jersey","013","Essex","40.720989","-74.192892"
"04/06/2015","AQS","340130003","1","28","ug/m3 SC","26","Newark Firehouse","1","100.0000","81102","PM10 Total 0-10um STP","35620","New York-Newark-Jersey City, NY-NJ-PA","34","New Jersey","013","Essex","40.720989","-74.192892"
"04/09/2015","AQS","340130003","1","7","ug/m3 SC","6","Newark Firehouse","1","100.0000","81102","PM10 Total 0-10um STP","35620","New York-Newark-Jersey City, NY-NJ-PA","34","New Jersey","013","Essex","40.720989","-74.192892"
"04/12/2015","AQS","340130003","1","10","ug/m3 SC","9","Newark Firehouse","1","100.0000","81102","PM10 Total 0-10um STP","35620","New York-Newark-Jersey City, NY-NJ-PA","34","New Jersey","013","Essex","40.720989","-74.192892"
"04/15/2015","AQS","340130003","1","9","ug/m3 SC","8","Newark Firehouse","1","100.0000","81102","PM10 Total 0-10um STP","35620","New York-Newark-Jersey City, NY-NJ-PA","34","New Jersey","013","Essex","40.720989","-74.192892"
"04/18/2015","AQS","340130003","1","16","ug/m3 SC","15","Newark Firehouse","1","100.0000","81102","PM10 Total 0-10um STP","35620","New York-Newark-Jersey City, NY-NJ-PA","34","New Jersey","013","Essex","40.720989","-74.192892"
"04/21/2015","AQS","340130003","1","8","ug/m3 SC","7","Newark Firehouse","1","100.0000","81102","PM10 Total 0-10um STP","35620","New York-Newark-Jersey City, NY-NJ-PA","34","New Jersey","013","Essex","40.720989","-74.192892"
"04/24/2015","AQS","340130003","1","2","ug/m3 SC","2","Newark Firehouse","1","100.0000","81102","PM10 Total 0-10um STP","35620","New York-Newark-Jersey City, NY-NJ-PA","34","New Jersey","013","Essex","40.720989","-74.192892"
"04/27/2015","AQS","340130003","1","1","ug/m3 SC","1","Newark Firehouse","1","100.0000","81102","PM10 Total 0-10um STP","35620","New York-Newark-Jersey City, NY-NJ-PA","34","New Jersey","013","Essex","40.720989","-74.192892"
"04/30/2015","AQS","340130003","1","13","ug/m3 SC","12","Newark Firehouse","1","100.0000","81102","PM10 Total 0-10um STP","35620","New York-Newark-Jersey City, NY-NJ-PA","34","New Jersey","013","Essex","40.720989","-74.192892"
"05/03/2015","AQS","340130003","1","19","ug/m3 SC","18","Newark Firehouse","1","100.0000","81102","PM10 Total 0-10um STP","35620","New York-Newark-Jersey City, NY-NJ-PA","34","New Jersey","013","Essex","40.720989","-74.192892"
"05/06/2015","AQS","340130003","1","20","ug/m3 SC","19","Newark Firehouse","1","100.0000","81102","PM10 Total 0-10um STP","35620","New York-Newark-Jersey City, NY-NJ-PA","34","New Jersey","013","Essex","40.720989","-74.192892"
"05/09/2015","AQS","340130003","1","28","ug/m3 SC","26","Newark Firehouse","1","100.0000","81102","PM10 Total 0-10um STP","35620","New York-Newark-Jersey City, NY-NJ-PA","34","New Jersey","013","Essex","40.720989","-74.192892"
"05/12/2015","AQS","340130003","1","30","ug/m3 SC","28","Newark Firehouse","1","100.0000","81102","PM10 Total 0-10um STP","35620","New York-Newark-Jersey City, NY-NJ-PA","34","New Jersey","013","Essex","40.720989","-74.192892"
"05/15/2015","AQS","340130003","1","26","ug/m3 SC","24","Newark Firehouse","1","100.0000","81102","PM10 Total 0-10um STP","35620","New York-Newark-Jersey City, NY-NJ-PA","34","New Jersey","013","Essex","40.720989","-74.192892"
"05/18/2015","AQS","340130003","1","25","ug/m3 SC","23","Newark Firehouse","1","100.0000","81102","PM10 Total 0-10um STP","35620","New York-Newark-Jersey City, NY-NJ-PA","34","New Jersey","013","Essex","40.720989","-74.192892"
"05/21/2015","AQS","340130003","1","11","ug/m3 SC","10","Newark Firehouse","1","100.0000","81102","PM10 Total 0-10um STP","35620","New York-Newark-Jersey City, NY-NJ-PA","34","New Jersey","013","Essex","40.720989","-74.192892"
"05/24/2015","AQS","340130003","1","20","ug/m3 SC","19","Newark Firehouse","1","100.0000","81102","PM10 Total 0-10um STP","35620","New York-Newark-Jersey City, NY-NJ-PA","34","New Jersey","013","Essex","40.720989","-74.192892"
"05/27/2015","AQS","340130003","1","24","ug/m3 SC","22","Newark Firehouse","1","100.0000","81102","PM10 Total 0-10um STP","35620","New York-Newark-Jersey City, NY-NJ-PA","34","New Jersey","013","Essex","40.720989","-74.192892"
"05/30/2015","AQS","340130003","1","19","ug/m3 SC","18","Newark Firehouse","1","100.0000","81102","PM10 Total 0-10um STP","35620","New York-Newark-Jersey City, NY-NJ-PA","34","New Jersey","013","Essex","40.720989","-74.192892"
"06/02/2015","AQS","340130003","1","4","ug/m3 SC","4","Newark Firehouse","1","100.0000","81102","PM10 Total 0-10um STP","35620","New York-Newark-Jersey City, NY-NJ-PA","34","New Jersey","013","Essex","40.720989","-74.192892"
"06/05/2015","AQS","340130003","1","16","ug/m3 SC","15","Newark Firehouse","1","100.0000","81102","PM10 Total 0-10um STP","35620","New York-Newark-Jersey City, NY-NJ-PA","34","New Jersey","013","Essex","40.720989","-74.192892"
"06/11/2015","AQS","340130003","1","34","ug/m3 SC","31","Newark Firehouse","1","100.0000","81102","PM10 Total 0-10um STP","35620","New York-Newark-Jersey City, NY-NJ-PA","34","New Jersey","013","Essex","40.720989","-74.192892"
"06/14/2015","AQS","340130003","1","15","ug/m3 SC","14","Newark Firehouse","1","100.0000","81102","PM10 Total 0-10um STP","35620","New York-Newark-Jersey City, NY-NJ-PA","34","New Jersey","013","Essex","40.720989","-74.192892"
"06/17/2015","AQS","340130003","1","16","ug/m3 SC","15","Newark Firehouse","1","100.0000","81102","PM10 Total 0-10um STP","35620","New York-Newark-Jersey City, NY-NJ-PA","34","New Jersey","013","Essex","40.720989","-74.192892"
"06/20/2015","AQS","340130003","1","18","ug/m3 SC","17","Newark Firehouse","1","100.0000","81102","PM10 Total 0-10um STP","35620","New York-Newark-Jersey City, NY-NJ-PA","34","New Jersey","013","Essex","40.720989","-74.192892"
"06/23/2015","AQS","340130003","1","31","ug/m3 SC","29","Newark Firehouse","1","100.0000","81102","PM10 Total 0-10um STP","35620","New York-Newark-Jersey City, NY-NJ-PA","34","New Jersey","013","Essex","40.720989","-74.192892"
"06/26/2015","AQS","340130003","1","19","ug/m3 SC","18","Newark Firehouse","1","100.0000","81102","PM10 Total 0-10um STP","35620","New York-Newark-Jersey City, NY-NJ-PA","34","New Jersey","013","Essex","40.720989","-74.192892"
"06/29/2015","AQS","340130003","1","7","ug/m3 SC","6","Newark Firehouse","1","100.0000","81102","PM10 Total 0-10um STP","35620","New York-Newark-Jersey City, NY-NJ-PA","34","New Jersey","013","Essex","40.720989","-74.192892"
"07/02/2015","AQS","340130003","1","19","ug/m3 SC","18","Newark Firehouse","1","100.0000","81102","PM10 Total 0-10um STP","35620","New York-Newark-Jersey City, NY-NJ-PA","34","New Jersey","013","Essex","40.720989","-74.192892"
"07/05/2015","AQS","340130003","1","21","ug/m3 SC","19","Newark Firehouse","1","100.0000","81102","PM10 Total 0-10um STP","35620","New York-Newark-Jersey City, NY-NJ-PA","34","New Jersey","013","Essex","40.720989","-74.192892"
"07/08/2015","AQS","340130003","1","24","ug/m3 SC","22","Newark Firehouse","1","100.0000","81102","PM10 Total 0-10um STP","35620","New York-Newark-Jersey City, NY-NJ-PA","34","New Jersey","013","Essex","40.720989","-74.192892"
"07/11/2015","AQS","340130003","1","19","ug/m3 SC","18","Newark Firehouse","1","100.0000","81102","PM10 Total 0-10um STP","35620","New York-Newark-Jersey City, NY-NJ-PA","34","New Jersey","013","Essex","40.720989","-74.192892"
"07/14/2015","AQS","340130003","1","18","ug/m3 SC","17","Newark Firehouse","1","100.0000","81102","PM10 Total 0-10um STP","35620","New York-Newark-Jersey City, NY-NJ-PA","34","New Jersey","013","Essex","40.720989","-74.192892"
"07/17/2015","AQS","340130003","1","18","ug/m3 SC","17","Newark Firehouse","1","100.0000","81102","PM10 Total 0-10um STP","35620","New York-Newark-Jersey City, NY-NJ-PA","34","New Jersey","013","Essex","40.720989","-74.192892"
"07/20/2015","AQS","340130003","1","21","ug/m3 SC","19","Newark Firehouse","1","100.0000","81102","PM10 Total 0-10um STP","35620","New York-Newark-Jersey City, NY-NJ-PA","34","New Jersey","013","Essex","40.720989","-74.192892"
"07/23/2015","AQS","340130003","1","10","ug/m3 SC","9","Newark Firehouse","1","100.0000","81102","PM10 Total 0-10um STP","35620","New York-Newark-Jersey City, NY-NJ-PA","34","New Jersey","013","Essex","40.720989","-74.192892"
"07/26/2015","AQS","340130003","1","18","ug/m3 SC","17","Newark Firehouse","1","100.0000","81102","PM10 Total 0-10um STP","35620","New York-Newark-Jersey City, NY-NJ-PA","34","New Jersey","013","Essex","40.720989","-74.192892"
"07/29/2015","AQS","340130003","1","24","ug/m3 SC","22","Newark Firehouse","1","100.0000","81102","PM10 Total 0-10um STP","35620","New York-Newark-Jersey City, NY-NJ-PA","34","New Jersey","013","Essex","40.720989","-74.192892"
"08/01/2015","AQS","340130003","1","16","ug/m3 SC","15","Newark Firehouse","1","100.0000","81102","PM10 Total 0-10um STP","35620","New York-Newark-Jersey City, NY-NJ-PA","34","New Jersey","013","Essex","40.720989","-74.192892"
"08/04/2015","AQS","340130003","1","14","ug/m3 SC","13","Newark Firehouse","1","100.0000","81102","PM10 Total 0-10um STP","35620","New York-Newark-Jersey City, NY-NJ-PA","34","New Jersey","013","Essex","40.720989","-74.192892"
"08/07/2015","AQS","340130003","1","14","ug/m3 SC","13","Newark Firehouse","1","100.0000","81102","PM10 Total 0-10um STP","35620","New York-Newark-Jersey City, NY-NJ-PA","34","New Jersey","013","Essex","40.720989","-74.192892"
"08/10/2015","AQS","340130003","1","14","ug/m3 SC","13","Newark Firehouse","1","100.0000","81102","PM10 Total 0-10um STP","35620","New York-Newark-Jersey City, NY-NJ-PA","34","New Jersey","013","Essex","40.720989","-74.192892"
"08/13/2015","AQS","340130003","1","7","ug/m3 SC","6","Newark Firehouse","1","100.0000","81102","PM10 Total 0-10um STP","35620","New York-Newark-Jersey City, NY-NJ-PA","34","New Jersey","013","Essex","40.720989","-74.192892"
"08/16/2015","AQS","340130003","1","19","ug/m3 SC","18","Newark Firehouse","1","100.0000","81102","PM10 Total 0-10um STP","35620","New York-Newark-Jersey City, NY-NJ-PA","34","New Jersey","013","Essex","40.720989","-74.192892"
"08/19/2015","AQS","340130003","1","14","ug/m3 SC","13","Newark Firehouse","1","100.0000","81102","PM10 Total 0-10um STP","35620","New York-Newark-Jersey City, NY-NJ-PA","34","New Jersey","013","Essex","40.720989","-74.192892"
"08/22/2015","AQS","340130003","1","9","ug/m3 SC","8","Newark Firehouse","1","100.0000","81102","PM10 Total 0-10um STP","35620","New York-Newark-Jersey City, NY-NJ-PA","34","New Jersey","013","Essex","40.720989","-74.192892"
"08/25/2015","AQS","340130003","1","19","ug/m3 SC","18","Newark Firehouse","1","100.0000","81102","PM10 Total 0-10um STP","35620","New York-Newark-Jersey City, NY-NJ-PA","34","New Jersey","013","Essex","40.720989","-74.192892"
"08/28/2015","AQS","340130003","1","9","ug/m3 SC","8","Newark Firehouse","1","100.0000","81102","PM10 Total 0-10um STP","35620","New York-Newark-Jersey City, NY-NJ-PA","34","New Jersey","013","Essex","40.720989","-74.192892"
"08/31/2015","AQS","340130003","1","26","ug/m3 SC","24","Newark Firehouse","1","100.0000","81102","PM10 Total 0-10um STP","35620","New York-Newark-Jersey City, NY-NJ-PA","34","New Jersey","013","Essex","40.720989","-74.192892"
"09/03/2015","AQS","340130003","1","38","ug/m3 SC","35","Newark Firehouse","1","100.0000","81102","PM10 Total 0-10um STP","35620","New York-Newark-Jersey City, NY-NJ-PA","34","New Jersey","013","Essex","40.720989","-74.192892"
"09/06/2015","AQS","340130003","1","12","ug/m3 SC","11","Newark Firehouse","1","100.0000","81102","PM10 Total 0-10um STP","35620","New York-Newark-Jersey City, NY-NJ-PA","34","New Jersey","013","Essex","40.720989","-74.192892"
"09/09/2015","AQS","340130003","1","17","ug/m3 SC","16","Newark Firehouse","1","100.0000","81102","PM10 Total 0-10um STP","35620","New York-Newark-Jersey City, NY-NJ-PA","34","New Jersey","013","Essex","40.720989","-74.192892"
"09/12/2015","AQS","340130003","1","13","ug/m3 SC","12","Newark Firehouse","1","100.0000","81102","PM10 Total 0-10um STP","35620","New York-Newark-Jersey City, NY-NJ-PA","34","New Jersey","013","Essex","40.720989","-74.192892"
"09/15/2015","AQS","340130003","1","14","ug/m3 SC","13","Newark Firehouse","1","100.0000","81102","PM10 Total 0-10um STP","35620","New York-Newark-Jersey City, NY-NJ-PA","34","New Jersey","013","Essex","40.720989","-74.192892"
"09/18/2015","AQS","340130003","1","28","ug/m3 SC","26","Newark Firehouse","1","100.0000","81102","PM10 Total 0-10um STP","35620","New York-Newark-Jersey City, NY-NJ-PA","34","New Jersey","013","Essex","40.720989","-74.192892"
"09/21/2015","AQS","340130003","1","11","ug/m3 SC","10","Newark Firehouse","1","100.0000","81102","PM10 Total 0-10um STP","35620","New York-Newark-Jersey City, NY-NJ-PA","34","New Jersey","013","Essex","40.720989","-74.192892"
"09/24/2015","AQS","340130003","1","17","ug/m3 SC","16","Newark Firehouse","1","100.0000","81102","PM10 Total 0-10um STP","35620","New York-Newark-Jersey City, NY-NJ-PA","34","New Jersey","013","Essex","40.720989","-74.192892"
"09/27/2015","AQS","340130003","1","16","ug/m3 SC","15","Newark Firehouse","1","100.0000","81102","PM10 Total 0-10um STP","35620","New York-Newark-Jersey City, NY-NJ-PA","34","New Jersey","013","Essex","40.720989","-74.192892"
"09/30/2015","AQS","340130003","1","7","ug/m3 SC","6","Newark Firehouse","1","100.0000","81102","PM10 Total 0-10um STP","35620","New York-Newark-Jersey City, NY-NJ-PA","34","New Jersey","013","Essex","40.720989","-74.192892"
"10/03/2015","AQS","340130003","1","4","ug/m3 SC","4","Newark Firehouse","1","100.0000","81102","PM10 Total 0-10um STP","35620","New York-Newark-Jersey City, NY-NJ-PA","34","New Jersey","013","Essex","40.720989","-74.192892"
"10/06/2015","AQS","340130003","1","10","ug/m3 SC","9","Newark Firehouse","1","100.0000","81102","PM10 Total 0-10um STP","35620","New York-Newark-Jersey City, NY-NJ-PA","34","New Jersey","013","Essex","40.720989","-74.192892"
"10/09/2015","AQS","340130003","1","13","ug/m3 SC","12","Newark Firehouse","1","100.0000","81102","PM10 Total 0-10um STP","35620","New York-Newark-Jersey City, NY-NJ-PA","34","New Jersey","013","Essex","40.720989","-74.192892"
"10/12/2015","AQS","340130003","1","15","ug/m3 SC","14","Newark Firehouse","1","100.0000","81102","PM10 Total 0-10um STP","35620","New York-Newark-Jersey City, NY-NJ-PA","34","New Jersey","013","Essex","40.720989","-74.192892"
"10/15/2015","AQS","340130003","1","8","ug/m3 SC","7","Newark Firehouse","1","100.0000","81102","PM10 Total 0-10um STP","35620","New York-Newark-Jersey City, NY-NJ-PA","34","New Jersey","013","Essex","40.720989","-74.192892"
"10/18/2015","AQS","340130003","1","3","ug/m3 SC","3","Newark Firehouse","1","100.0000","81102","PM10 Total 0-10um STP","35620","New York-Newark-Jersey City, NY-NJ-PA","34","New Jersey","013","Essex","40.720989","-74.192892"
"10/21/2015","AQS","340130003","1","32","ug/m3 SC","30","Newark Firehouse","1","100.0000","81102","PM10 Total 0-10um STP","35620","New York-Newark-Jersey City, NY-NJ-PA","34","New Jersey","013","Essex","40.720989","-74.192892"
"10/24/2015","AQS","340130003","1","10","ug/m3 SC","9","Newark Firehouse","1","100.0000","81102","PM10 Total 0-10um STP","35620","New York-Newark-Jersey City, NY-NJ-PA","34","New Jersey","013","Essex","40.720989","-74.192892"
"10/27/2015","AQS","340130003","1","13","ug/m3 SC","12","Newark Firehouse","1","100.0000","81102","PM10 Total 0-10um STP","35620","New York-Newark-Jersey City, NY-NJ-PA","34","New Jersey","013","Essex","40.720989","-74.192892"
"10/30/2015","AQS","340130003","1","5","ug/m3 SC","5","Newark Firehouse","1","100.0000","81102","PM10 Total 0-10um STP","35620","New York-Newark-Jersey City, NY-NJ-PA","34","New Jersey","013","Essex","40.720989","-74.192892"
"11/02/2015","AQS","340130003","1","15","ug/m3 SC","14","Newark Firehouse","1","100.0000","81102","PM10 Total 0-10um STP","35620","New York-Newark-Jersey City, NY-NJ-PA","34","New Jersey","013","Essex","40.720989","-74.192892"
"11/05/2015","AQS","340130003","1","25","ug/m3 SC","23","Newark Firehouse","1","100.0000","81102","PM10 Total 0-10um STP","35620","New York-Newark-Jersey City, NY-NJ-PA","34","New Jersey","013","Essex","40.720989","-74.192892"
"11/08/2015","AQS","340130003","1","6","ug/m3 SC","6","Newark Firehouse","1","100.0000","81102","PM10 Total 0-10um STP","35620","New York-Newark-Jersey City, NY-NJ-PA","34","New Jersey","013","Essex","40.720989","-74.192892"
"11/11/2015","AQS","340130003","1","5","ug/m3 SC","5","Newark Firehouse","1","100.0000","81102","PM10 Total 0-10um STP","35620","New York-Newark-Jersey City, NY-NJ-PA","34","New Jersey","013","Essex","40.720989","-74.192892"
"11/14/2015","AQS","340130003","1","4","ug/m3 SC","4","Newark Firehouse","1","100.0000","81102","PM10 Total 0-10um STP","35620","New York-Newark-Jersey City, NY-NJ-PA","34","New Jersey","013","Essex","40.720989","-74.192892"
"11/17/2015","AQS","340130003","1","14","ug/m3 SC","13","Newark Firehouse","1","100.0000","81102","PM10 Total 0-10um STP","35620","New York-Newark-Jersey City, NY-NJ-PA","34","New Jersey","013","Essex","40.720989","-74.192892"
"11/20/2015","AQS","340130003","1","6","ug/m3 SC","6","Newark Firehouse","1","100.0000","81102","PM10 Total 0-10um STP","35620","New York-Newark-Jersey City, NY-NJ-PA","34","New Jersey","013","Essex","40.720989","-74.192892"
"11/23/2015","AQS","340130003","1","3","ug/m3 SC","3","Newark Firehouse","1","100.0000","81102","PM10 Total 0-10um STP","35620","New York-Newark-Jersey City, NY-NJ-PA","34","New Jersey","013","Essex","40.720989","-74.192892"
"11/26/2015","AQS","340130003","1","19","ug/m3 SC","18","Newark Firehouse","1","100.0000","81102","PM10 Total 0-10um STP","35620","New York-Newark-Jersey City, NY-NJ-PA","34","New Jersey","013","Essex","40.720989","-74.192892"
"11/29/2015","AQS","340130003","1","4","ug/m3 SC","4","Newark Firehouse","1","100.0000","81102","PM10 Total 0-10um STP","35620","New York-Newark-Jersey City, NY-NJ-PA","34","New Jersey","013","Essex","40.720989","-74.192892"
"12/02/2015","AQS","340130003","1","16","ug/m3 SC","15","Newark Firehouse","1","100.0000","81102","PM10 Total 0-10um STP","35620","New York-Newark-Jersey City, NY-NJ-PA","34","New Jersey","013","Essex","40.720989","-74.192892"
"12/05/2015","AQS","340130003","1","14","ug/m3 SC","13","Newark Firehouse","1","100.0000","81102","PM10 Total 0-10um STP","35620","New York-Newark-Jersey City, NY-NJ-PA","34","New Jersey","013","Essex","40.720989","-74.192892"
"12/08/2015","AQS","340130003","1","16","ug/m3 SC","15","Newark Firehouse","1","100.0000","81102","PM10 Total 0-10um STP","35620","New York-Newark-Jersey City, NY-NJ-PA","34","New Jersey","013","Essex","40.720989","-74.192892"
"12/11/2015","AQS","340130003","1","34","ug/m3 SC","31","Newark Firehouse","1","100.0000","81102","PM10 Total 0-10um STP","35620","New York-Newark-Jersey City, NY-NJ-PA","34","New Jersey","013","Essex","40.720989","-74.192892"
"12/14/2015","AQS","340130003","1","32","ug/m3 SC","30","Newark Firehouse","1","100.0000","81102","PM10 Total 0-10um STP","35620","New York-Newark-Jersey City, NY-NJ-PA","34","New Jersey","013","Essex","40.720989","-74.192892"
"12/17/2015","AQS","340130003","1","15","ug/m3 SC","14","Newark Firehouse","1","100.0000","81102","PM10 Total 0-10um STP","35620","New York-Newark-Jersey City, NY-NJ-PA","34","New Jersey","013","Essex","40.720989","-74.192892"
"12/20/2015","AQS","340130003","1","8","ug/m3 SC","7","Newark Firehouse","1","100.0000","81102","PM10 Total 0-10um STP","35620","New York-Newark-Jersey City, NY-NJ-PA","34","New Jersey","013","Essex","40.720989","-74.192892"
"12/23/2015","AQS","340130003","1","18","ug/m3 SC","17","Newark Firehouse","1","100.0000","81102","PM10 Total 0-10um STP","35620","New York-Newark-Jersey City, NY-NJ-PA","34","New Jersey","013","Essex","40.720989","-74.192892"
"12/26/2015","AQS","340130003","1","8","ug/m3 SC","7","Newark Firehouse","1","100.0000","81102","PM10 Total 0-10um STP","35620","New York-Newark-Jersey City, NY-NJ-PA","34","New Jersey","013","Essex","40.720989","-74.192892"
"12/29/2015","AQS","340130003","1","6","ug/m3 SC","6","Newark Firehouse","1","100.0000","81102","PM10 Total 0-10um STP","35620","New York-Newark-Jersey City, NY-NJ-PA","34","New Jersey","013","Essex","40.720989","-74.192892"
"01/06/2015","AQS","340171003","2","12","ug/m3 SC","11","Jersey City Firehouse","1","100.0000","81102","PM10 Total 0-10um STP","35620","New York-Newark-Jersey City, NY-NJ-PA","34","New Jersey","017","Hudson","40.725413","-74.052293"
"01/12/2015","AQS","340171003","2","19","ug/m3 SC","18","Jersey City Firehouse","1","100.0000","81102","PM10 Total 0-10um STP","35620","New York-Newark-Jersey City, NY-NJ-PA","34","New Jersey","017","Hudson","40.725413","-74.052293"
"01/18/2015","AQS","340171003","2","16","ug/m3 SC","15","Jersey City Firehouse","1","100.0000","81102","PM10 Total 0-10um STP","35620","New York-Newark-Jersey City, NY-NJ-PA","34","New Jersey","017","Hudson","40.725413","-74.052293"
"01/24/2015","AQS","340171003","2","18","ug/m3 SC","17","Jersey City Firehouse","1","100.0000","81102","PM10 Total 0-10um STP","35620","New York-Newark-Jersey City, NY-NJ-PA","34","New Jersey","017","Hudson","40.725413","-74.052293"
"01/30/2015","AQS","340171003","2","14","ug/m3 SC","13","Jersey City Firehouse","1","100.0000","81102","PM10 Total 0-10um STP","35620","New York-Newark-Jersey City, NY-NJ-PA","34","New Jersey","017","Hudson","40.725413","-74.052293"
"02/05/2015","AQS","340171003","2","17","ug/m3 SC","16","Jersey City Firehouse","1","100.0000","81102","PM10 Total 0-10um STP","35620","New York-Newark-Jersey City, NY-NJ-PA","34","New Jersey","017","Hudson","40.725413","-74.052293"
"02/14/2015","AQS","340171003","2","19","ug/m3 SC","18","Jersey City Firehouse","1","100.0000","81102","PM10 Total 0-10um STP","35620","New York-Newark-Jersey City, NY-NJ-PA","34","New Jersey","017","Hudson","40.725413","-74.052293"
"02/17/2015","AQS","340171003","2","21","ug/m3 SC","19","Jersey City Firehouse","1","100.0000","81102","PM10 Total 0-10um STP","35620","New York-Newark-Jersey City, NY-NJ-PA","34","New Jersey","017","Hudson","40.725413","-74.052293"
"02/23/2015","AQS","340171003","2","15","ug/m3 SC","14","Jersey City Firehouse","1","100.0000","81102","PM10 Total 0-10um STP","35620","New York-Newark-Jersey City, NY-NJ-PA","34","New Jersey","017","Hudson","40.725413","-74.052293"
"03/01/2015","AQS","340171003","2","19","ug/m3 SC","18","Jersey City Firehouse","1","100.0000","81102","PM10 Total 0-10um STP","35620","New York-Newark-Jersey City, NY-NJ-PA","34","New Jersey","017","Hudson","40.725413","-74.052293"
"03/07/2015","AQS","340171003","2","36","ug/m3 SC","33","Jersey City Firehouse","1","100.0000","81102","PM10 Total 0-10um STP","35620","New York-Newark-Jersey City, NY-NJ-PA","34","New Jersey","017","Hudson","40.725413","-74.052293"
"03/13/2015","AQS","340171003","2","20","ug/m3 SC","19","Jersey City Firehouse","1","100.0000","81102","PM10 Total 0-10um STP","35620","New York-Newark-Jersey City, NY-NJ-PA","34","New Jersey","017","Hudson","40.725413","-74.052293"
"03/19/2015","AQS","340171003","2","14","ug/m3 SC","13","Jersey City Firehouse","1","100.0000","81102","PM10 Total 0-10um STP","35620","New York-Newark-Jersey City, NY-NJ-PA","34","New Jersey","017","Hudson","40.725413","-74.052293"
"03/25/2015","AQS","340171003","2","38","ug/m3 SC","35","Jersey City Firehouse","1","100.0000","81102","PM10 Total 0-10um STP","35620","New York-Newark-Jersey City, NY-NJ-PA","34","New Jersey","017","Hudson","40.725413","-74.052293"
"03/31/2015","AQS","340171003","2","7","ug/m3 SC","6","Jersey City Firehouse","1","100.0000","81102","PM10 Total 0-10um STP","35620","New York-Newark-Jersey City, NY-NJ-PA","34","New Jersey","017","Hudson","40.725413","-74.052293"
"04/06/2015","AQS","340171003","2","27","ug/m3 SC","25","Jersey City Firehouse","1","100.0000","81102","PM10 Total 0-10um STP","35620","New York-Newark-Jersey City, NY-NJ-PA","34","New Jersey","017","Hudson","40.725413","-74.052293"
"04/12/2015","AQS","340171003","2","12","ug/m3 SC","11","Jersey City Firehouse","1","100.0000","81102","PM10 Total 0-10um STP","35620","New York-Newark-Jersey City, NY-NJ-PA","34","New Jersey","017","Hudson","40.725413","-74.052293"
"04/18/2015","AQS","340171003","2","21","ug/m3 SC","19","Jersey City Firehouse","1","100.0000","81102","PM10 Total 0-10um STP","35620","New York-Newark-Jersey City, NY-NJ-PA","34","New Jersey","017","Hudson","40.725413","-74.052293"
"04/24/2015","AQS","340171003","2","9","ug/m3 SC","8","Jersey City Firehouse","1","100.0000","81102","PM10 Total 0-10um STP","35620","New York-Newark-Jersey City, NY-NJ-PA","34","New Jersey","017","Hudson","40.725413","-74.052293"
"04/30/2015","AQS","340171003","2","16","ug/m3 SC","15","Jersey City Firehouse","1","100.0000","81102","PM10 Total 0-10um STP","35620","New York-Newark-Jersey City, NY-NJ-PA","34","New Jersey","017","Hudson","40.725413","-74.052293"
"05/06/2015","AQS","340171003","2","29","ug/m3 SC","27","Jersey City Firehouse","1","100.0000","81102","PM10 Total 0-10um STP","35620","New York-Newark-Jersey City, NY-NJ-PA","34","New Jersey","017","Hudson","40.725413","-74.052293"
"05/12/2015","AQS","340171003","2","36","ug/m3 SC","33","Jersey City Firehouse","1","100.0000","81102","PM10 Total 0-10um STP","35620","New York-Newark-Jersey City, NY-NJ-PA","34","New Jersey","017","Hudson","40.725413","-74.052293"
"05/18/2015","AQS","340171003","2","28","ug/m3 SC","26","Jersey City Firehouse","1","100.0000","81102","PM10 Total 0-10um STP","35620","New York-Newark-Jersey City, NY-NJ-PA","34","New Jersey","017","Hudson","40.725413","-74.052293"
"05/24/2015","AQS","340171003","2","21","ug/m3 SC","19","Jersey City Firehouse","1","100.0000","81102","PM10 Total 0-10um STP","35620","New York-Newark-Jersey City, NY-NJ-PA","34","New Jersey","017","Hudson","40.725413","-74.052293"
"05/30/2015","AQS","340171003","2","22","ug/m3 SC","20","Jersey City Firehouse","1","100.0000","81102","PM10 Total 0-10um STP","35620","New York-Newark-Jersey City, NY-NJ-PA","34","New Jersey","017","Hudson","40.725413","-74.052293"
"06/05/2015","AQS","340171003","2","16","ug/m3 SC","15","Jersey City Firehouse","1","100.0000","81102","PM10 Total 0-10um STP","35620","New York-Newark-Jersey City, NY-NJ-PA","34","New Jersey","017","Hudson","40.725413","-74.052293"
"06/11/2015","AQS","340171003","2","43","ug/m3 SC","40","Jersey City Firehouse","1","100.0000","81102","PM10 Total 0-10um STP","35620","New York-Newark-Jersey City, NY-NJ-PA","34","New Jersey","017","Hudson","40.725413","-74.052293"
"06/17/2015","AQS","340171003","2","16","ug/m3 SC","15","Jersey City Firehouse","1","100.0000","81102","PM10 Total 0-10um STP","35620","New York-Newark-Jersey City, NY-NJ-PA","34","New Jersey","017","Hudson","40.725413","-74.052293"
"06/23/2015","AQS","340171003","2","37","ug/m3 SC","34","Jersey City Firehouse","1","100.0000","81102","PM10 Total 0-10um STP","35620","New York-Newark-Jersey City, NY-NJ-PA","34","New Jersey","017","Hudson","40.725413","-74.052293"
"06/29/2015","AQS","340171003","2","8","ug/m3 SC","7","Jersey City Firehouse","1","100.0000","81102","PM10 Total 0-10um STP","35620","New York-Newark-Jersey City, NY-NJ-PA","34","New Jersey","017","Hudson","40.725413","-74.052293"
"07/05/2015","AQS","340171003","2","18","ug/m3 SC","17","Jersey City Firehouse","1","100.0000","81102","PM10 Total 0-10um STP","35620","New York-Newark-Jersey City, NY-NJ-PA","34","New Jersey","017","Hudson","40.725413","-74.052293"
"07/11/2015","AQS","340171003","2","23","ug/m3 SC","21","Jersey City Firehouse","1","100.0000","81102","PM10 Total 0-10um STP","35620","New York-Newark-Jersey City, NY-NJ-PA","34","New Jersey","017","Hudson","40.725413","-74.052293"
"07/17/2015","AQS","340171003","2","19","ug/m3 SC","18","Jersey City Firehouse","1","100.0000","81102","PM10 Total 0-10um STP","35620","New York-Newark-Jersey City, NY-NJ-PA","34","New Jersey","017","Hudson","40.725413","-74.052293"
"07/23/2015","AQS","340171003","2","18","ug/m3 SC","17","Jersey City Firehouse","1","100.0000","81102","PM10 Total 0-10um STP","35620","New York-Newark-Jersey City, NY-NJ-PA","34","New Jersey","017","Hudson","40.725413","-74.052293"
"07/29/2015","AQS","340171003","2","27","ug/m3 SC","25","Jersey City Firehouse","1","100.0000","81102","PM10 Total 0-10um STP","35620","New York-Newark-Jersey City, NY-NJ-PA","34","New Jersey","017","Hudson","40.725413","-74.052293"
"08/04/2015","AQS","340171003","2","17","ug/m3 SC","16","Jersey City Firehouse","1","100.0000","81102","PM10 Total 0-10um STP","35620","New York-Newark-Jersey City, NY-NJ-PA","34","New Jersey","017","Hudson","40.725413","-74.052293"
"08/10/2015","AQS","340171003","2","12","ug/m3 SC","11","Jersey City Firehouse","1","100.0000","81102","PM10 Total 0-10um STP","35620","New York-Newark-Jersey City, NY-NJ-PA","34","New Jersey","017","Hudson","40.725413","-74.052293"
"08/16/2015","AQS","340171003","2","25","ug/m3 SC","23","Jersey City Firehouse","1","100.0000","81102","PM10 Total 0-10um STP","35620","New York-Newark-Jersey City, NY-NJ-PA","34","New Jersey","017","Hudson","40.725413","-74.052293"
"08/22/2015","AQS","340171003","2","10","ug/m3 SC","9","Jersey City Firehouse","1","100.0000","81102","PM10 Total 0-10um STP","35620","New York-Newark-Jersey City, NY-NJ-PA","34","New Jersey","017","Hudson","40.725413","-74.052293"
"08/28/2015","AQS","340171003","2","14","ug/m3 SC","13","Jersey City Firehouse","1","100.0000","81102","PM10 Total 0-10um STP","35620","New York-Newark-Jersey City, NY-NJ-PA","34","New Jersey","017","Hudson","40.725413","-74.052293"
"09/03/2015","AQS","340171003","2","44","ug/m3 SC","41","Jersey City Firehouse","1","100.0000","81102","PM10 Total 0-10um STP","35620","New York-Newark-Jersey City, NY-NJ-PA","34","New Jersey","017","Hudson","40.725413","-74.052293"
"09/09/2015","AQS","340171003","2","15","ug/m3 SC","14","Jersey City Firehouse","1","100.0000","81102","PM10 Total 0-10um STP","35620","New York-Newark-Jersey City, NY-NJ-PA","34","New Jersey","017","Hudson","40.725413","-74.052293"
"09/15/2015","AQS","340171003","2","19","ug/m3 SC","18","Jersey City Firehouse","1","100.0000","81102","PM10 Total 0-10um STP","35620","New York-Newark-Jersey City, NY-NJ-PA","34","New Jersey","017","Hudson","40.725413","-74.052293"
"09/21/2015","AQS","340171003","2","13","ug/m3 SC","12","Jersey City Firehouse","1","100.0000","81102","PM10 Total 0-10um STP","35620","New York-Newark-Jersey City, NY-NJ-PA","34","New Jersey","017","Hudson","40.725413","-74.052293"
"09/27/2015","AQS","340171003","2","15","ug/m3 SC","14","Jersey City Firehouse","1","100.0000","81102","PM10 Total 0-10um STP","35620","New York-Newark-Jersey City, NY-NJ-PA","34","New Jersey","017","Hudson","40.725413","-74.052293"
"10/03/2015","AQS","340171003","2","6","ug/m3 SC","6","Jersey City Firehouse","1","100.0000","81102","PM10 Total 0-10um STP","35620","New York-Newark-Jersey City, NY-NJ-PA","34","New Jersey","017","Hudson","40.725413","-74.052293"
"10/09/2015","AQS","340171003","2","16","ug/m3 SC","15","Jersey City Firehouse","1","100.0000","81102","PM10 Total 0-10um STP","35620","New York-Newark-Jersey City, NY-NJ-PA","34","New Jersey","017","Hudson","40.725413","-74.052293"
"10/15/2015","AQS","340171003","2","11","ug/m3 SC","10","Jersey City Firehouse","1","100.0000","81102","PM10 Total 0-10um STP","35620","New York-Newark-Jersey City, NY-NJ-PA","34","New Jersey","017","Hudson","40.725413","-74.052293"
"10/21/2015","AQS","340171003","2","34","ug/m3 SC","31","Jersey City Firehouse","1","100.0000","81102","PM10 Total 0-10um STP","35620","New York-Newark-Jersey City, NY-NJ-PA","34","New Jersey","017","Hudson","40.725413","-74.052293"
"10/27/2015","AQS","340171003","2","16","ug/m3 SC","15","Jersey City Firehouse","1","100.0000","81102","PM10 Total 0-10um STP","35620","New York-Newark-Jersey City, NY-NJ-PA","34","New Jersey","017","Hudson","40.725413","-74.052293"
"11/02/2015","AQS","340171003","2","24","ug/m3 SC","22","Jersey City Firehouse","1","100.0000","81102","PM10 Total 0-10um STP","35620","New York-Newark-Jersey City, NY-NJ-PA","34","New Jersey","017","Hudson","40.725413","-74.052293"
"11/08/2015","AQS","340171003","2","7","ug/m3 SC","6","Jersey City Firehouse","1","100.0000","81102","PM10 Total 0-10um STP","35620","New York-Newark-Jersey City, NY-NJ-PA","34","New Jersey","017","Hudson","40.725413","-74.052293"
"11/14/2015","AQS","340171003","2","5","ug/m3 SC","5","Jersey City Firehouse","1","100.0000","81102","PM10 Total 0-10um STP","35620","New York-Newark-Jersey City, NY-NJ-PA","34","New Jersey","017","Hudson","40.725413","-74.052293"
"11/20/2015","AQS","340171003","2","9","ug/m3 SC","8","Jersey City Firehouse","1","100.0000","81102","PM10 Total 0-10um STP","35620","New York-Newark-Jersey City, NY-NJ-PA","34","New Jersey","017","Hudson","40.725413","-74.052293"
"11/26/2015","AQS","340171003","2","24","ug/m3 SC","22","Jersey City Firehouse","1","100.0000","81102","PM10 Total 0-10um STP","35620","New York-Newark-Jersey City, NY-NJ-PA","34","New Jersey","017","Hudson","40.725413","-74.052293"
"12/02/2015","AQS","340171003","2","15","ug/m3 SC","14","Jersey City Firehouse","1","100.0000","81102","PM10 Total 0-10um STP","35620","New York-Newark-Jersey City, NY-NJ-PA","34","New Jersey","017","Hudson","40.725413","-74.052293"
"12/08/2015","AQS","340171003","2","21","ug/m3 SC","19","Jersey City Firehouse","1","100.0000","81102","PM10 Total 0-10um STP","35620","New York-Newark-Jersey City, NY-NJ-PA","34","New Jersey","017","Hudson","40.725413","-74.052293"
"12/14/2015","AQS","340171003","2","29","ug/m3 SC","27","Jersey City Firehouse","1","100.0000","81102","PM10 Total 0-10um STP","35620","New York-Newark-Jersey City, NY-NJ-PA","34","New Jersey","017","Hudson","40.725413","-74.052293"
"12/20/2015","AQS","340171003","2","8","ug/m3 SC","7","Jersey City Firehouse","1","100.0000","81102","PM10 Total 0-10um STP","35620","New York-Newark-Jersey City, NY-NJ-PA","34","New Jersey","017","Hudson","40.725413","-74.052293"
"12/26/2015","AQS","340171003","2","7","ug/m3 SC","6","Jersey City Firehouse","1","100.0000","81102","PM10 Total 0-10um STP","35620","New York-Newark-Jersey City, NY-NJ-PA","34","New Jersey","017","Hudson","40.725413","-74.052293"
"01/06/2015","AQS","340171003","3","11","ug/m3 SC","10","Jersey City Firehouse","1","100.0000","81102","PM10 Total 0-10um STP","35620","New York-Newark-Jersey City, NY-NJ-PA","34","New Jersey","017","Hudson","40.725413","-74.052293"
"01/12/2015","AQS","340171003","3","18","ug/m3 SC","17","Jersey City Firehouse","1","100.0000","81102","PM10 Total 0-10um STP","35620","New York-Newark-Jersey City, NY-NJ-PA","34","New Jersey","017","Hudson","40.725413","-74.052293"
"01/18/2015","AQS","340171003","3","17","ug/m3 SC","16","Jersey City Firehouse","1","100.0000","81102","PM10 Total 0-10um STP","35620","New York-Newark-Jersey City, NY-NJ-PA","34","New Jersey","017","Hudson","40.725413","-74.052293"
"01/24/2015","AQS","340171003","3","20","ug/m3 SC","19","Jersey City Firehouse","1","100.0000","81102","PM10 Total 0-10um STP","35620","New York-Newark-Jersey City, NY-NJ-PA","34","New Jersey","017","Hudson","40.725413","-74.052293"
"01/30/2015","AQS","340171003","3","13","ug/m3 SC","12","Jersey City Firehouse","1","100.0000","81102","PM10 Total 0-10um STP","35620","New York-Newark-Jersey City, NY-NJ-PA","34","New Jersey","017","Hudson","40.725413","-74.052293"
"02/05/2015","AQS","340171003","3","15","ug/m3 SC","14","Jersey City Firehouse","1","100.0000","81102","PM10 Total 0-10um STP","35620","New York-Newark-Jersey City, NY-NJ-PA","34","New Jersey","017","Hudson","40.725413","-74.052293"
"02/14/2015","AQS","340171003","3","19","ug/m3 SC","18","Jersey City Firehouse","1","100.0000","81102","PM10 Total 0-10um STP","35620","New York-Newark-Jersey City, NY-NJ-PA","34","New Jersey","017","Hudson","40.725413","-74.052293"
"02/17/2015","AQS","340171003","3","21","ug/m3 SC","19","Jersey City Firehouse","1","100.0000","81102","PM10 Total 0-10um STP","35620","New York-Newark-Jersey City, NY-NJ-PA","34","New Jersey","017","Hudson","40.725413","-74.052293"
"02/23/2015","AQS","340171003","3","14","ug/m3 SC","13","Jersey City Firehouse","1","100.0000","81102","PM10 Total 0-10um STP","35620","New York-Newark-Jersey City, NY-NJ-PA","34","New Jersey","017","Hudson","40.725413","-74.052293"
"03/01/2015","AQS","340171003","3","18","ug/m3 SC","17","Jersey City Firehouse","1","100.0000","81102","PM10 Total 0-10um STP","35620","New York-Newark-Jersey City, NY-NJ-PA","34","New Jersey","017","Hudson","40.725413","-74.052293"
"03/07/2015","AQS","340171003","3","36","ug/m3 SC","33","Jersey City Firehouse","1","100.0000","81102","PM10 Total 0-10um STP","35620","New York-Newark-Jersey City, NY-NJ-PA","34","New Jersey","017","Hudson","40.725413","-74.052293"
"03/13/2015","AQS","340171003","3","19","ug/m3 SC","18","Jersey City Firehouse","1","100.0000","81102","PM10 Total 0-10um STP","35620","New York-Newark-Jersey City, NY-NJ-PA","34","New Jersey","017","Hudson","40.725413","-74.052293"
"03/19/2015","AQS","340171003","3","14","ug/m3 SC","13","Jersey City Firehouse","1","100.0000","81102","PM10 Total 0-10um STP","35620","New York-Newark-Jersey City, NY-NJ-PA","34","New Jersey","017","Hudson","40.725413","-74.052293"
"03/25/2015","AQS","340171003","3","36","ug/m3 SC","33","Jersey City Firehouse","1","100.0000","81102","PM10 Total 0-10um STP","35620","New York-Newark-Jersey City, NY-NJ-PA","34","New Jersey","017","Hudson","40.725413","-74.052293"
"03/31/2015","AQS","340171003","3","9","ug/m3 SC","8","Jersey City Firehouse","1","100.0000","81102","PM10 Total 0-10um STP","35620","New York-Newark-Jersey City, NY-NJ-PA","34","New Jersey","017","Hudson","40.725413","-74.052293"
"04/06/2015","AQS","340171003","3","27","ug/m3 SC","25","Jersey City Firehouse","1","100.0000","81102","PM10 Total 0-10um STP","35620","New York-Newark-Jersey City, NY-NJ-PA","34","New Jersey","017","Hudson","40.725413","-74.052293"
"04/12/2015","AQS","340171003","3","12","ug/m3 SC","11","Jersey City Firehouse","1","100.0000","81102","PM10 Total 0-10um STP","35620","New York-Newark-Jersey City, NY-NJ-PA","34","New Jersey","017","Hudson","40.725413","-74.052293"
"04/18/2015","AQS","340171003","3","20","ug/m3 SC","19","Jersey City Firehouse","1","100.0000","81102","PM10 Total 0-10um STP","35620","New York-Newark-Jersey City, NY-NJ-PA","34","New Jersey","017","Hudson","40.725413","-74.052293"
"04/24/2015","AQS","340171003","3","9","ug/m3 SC","8","Jersey City Firehouse","1","100.0000","81102","PM10 Total 0-10um STP","35620","New York-Newark-Jersey City, NY-NJ-PA","34","New Jersey","017","Hudson","40.725413","-74.052293"
"04/30/2015","AQS","340171003","3","15","ug/m3 SC","14","Jersey City Firehouse","1","100.0000","81102","PM10 Total 0-10um STP","35620","New York-Newark-Jersey City, NY-NJ-PA","34","New Jersey","017","Hudson","40.725413","-74.052293"
"05/12/2015","AQS","340171003","3","40","ug/m3 SC","37","Jersey City Firehouse","1","100.0000","81102","PM10 Total 0-10um STP","35620","New York-Newark-Jersey City, NY-NJ-PA","34","New Jersey","017","Hudson","40.725413","-74.052293"
"05/18/2015","AQS","340171003","3","31","ug/m3 SC","29","Jersey City Firehouse","1","100.0000","81102","PM10 Total 0-10um STP","35620","New York-Newark-Jersey City, NY-NJ-PA","34","New Jersey","017","Hudson","40.725413","-74.052293"
"05/24/2015","AQS","340171003","3","25","ug/m3 SC","23","Jersey City Firehouse","1","100.0000","81102","PM10 Total 0-10um STP","35620","New York-Newark-Jersey City, NY-NJ-PA","34","New Jersey","017","Hudson","40.725413","-74.052293"
"05/30/2015","AQS","340171003","3","23","ug/m3 SC","21","Jersey City Firehouse","1","100.0000","81102","PM10 Total 0-10um STP","35620","New York-Newark-Jersey City, NY-NJ-PA","34","New Jersey","017","Hudson","40.725413","-74.052293"
"06/05/2015","AQS","340171003","3","18","ug/m3 SC","17","Jersey City Firehouse","1","100.0000","81102","PM10 Total 0-10um STP","35620","New York-Newark-Jersey City, NY-NJ-PA","34","New Jersey","017","Hudson","40.725413","-74.052293"
"06/11/2015","AQS","340171003","3","44","ug/m3 SC","41","Jersey City Firehouse","1","100.0000","81102","PM10 Total 0-10um STP","35620","New York-Newark-Jersey City, NY-NJ-PA","34","New Jersey","017","Hudson","40.725413","-74.052293"
"06/17/2015","AQS","340171003","3","17","ug/m3 SC","16","Jersey City Firehouse","1","100.0000","81102","PM10 Total 0-10um STP","35620","New York-Newark-Jersey City, NY-NJ-PA","34","New Jersey","017","Hudson","40.725413","-74.052293"
"06/23/2015","AQS","340171003","3","39","ug/m3 SC","36","Jersey City Firehouse","1","100.0000","81102","PM10 Total 0-10um STP","35620","New York-Newark-Jersey City, NY-NJ-PA","34","New Jersey","017","Hudson","40.725413","-74.052293"
"06/29/2015","AQS","340171003","3","8","ug/m3 SC","7","Jersey City Firehouse","1","100.0000","81102","PM10 Total 0-10um STP","35620","New York-Newark-Jersey City, NY-NJ-PA","34","New Jersey","017","Hudson","40.725413","-74.052293"
"07/05/2015","AQS","340171003","3","19","ug/m3 SC","18","Jersey City Firehouse","1","100.0000","81102","PM10 Total 0-10um STP","35620","New York-Newark-Jersey City, NY-NJ-PA","34","New Jersey","017","Hudson","40.725413","-74.052293"
"07/11/2015","AQS","340171003","3","25","ug/m3 SC","23","Jersey City Firehouse","1","100.0000","81102","PM10 Total 0-10um STP","35620","New York-Newark-Jersey City, NY-NJ-PA","34","New Jersey","017","Hudson","40.725413","-74.052293"
"07/17/2015","AQS","340171003","3","20","ug/m3 SC","19","Jersey City Firehouse","1","100.0000","81102","PM10 Total 0-10um STP","35620","New York-Newark-Jersey City, NY-NJ-PA","34","New Jersey","017","Hudson","40.725413","-74.052293"
"07/23/2015","AQS","340171003","3","15","ug/m3 SC","14","Jersey City Firehouse","1","100.0000","81102","PM10 Total 0-10um STP","35620","New York-Newark-Jersey City, NY-NJ-PA","34","New Jersey","017","Hudson","40.725413","-74.052293"
"07/29/2015","AQS","340171003","3","29","ug/m3 SC","27","Jersey City Firehouse","1","100.0000","81102","PM10 Total 0-10um STP","35620","New York-Newark-Jersey City, NY-NJ-PA","34","New Jersey","017","Hudson","40.725413","-74.052293"
"08/04/2015","AQS","340171003","3","18","ug/m3 SC","17","Jersey City Firehouse","1","100.0000","81102","PM10 Total 0-10um STP","35620","New York-Newark-Jersey City, NY-NJ-PA","34","New Jersey","017","Hudson","40.725413","-74.052293"
"08/10/2015","AQS","340171003","3","14","ug/m3 SC","13","Jersey City Firehouse","1","100.0000","81102","PM10 Total 0-10um STP","35620","New York-Newark-Jersey City, NY-NJ-PA","34","New Jersey","017","Hudson","40.725413","-74.052293"
"08/16/2015","AQS","340171003","3","25","ug/m3 SC","23","Jersey City Firehouse","1","100.0000","81102","PM10 Total 0-10um STP","35620","New York-Newark-Jersey City, NY-NJ-PA","34","New Jersey","017","Hudson","40.725413","-74.052293"
"08/22/2015","AQS","340171003","3","11","ug/m3 SC","10","Jersey City Firehouse","1","100.0000","81102","PM10 Total 0-10um STP","35620","New York-Newark-Jersey City, NY-NJ-PA","34","New Jersey","017","Hudson","40.725413","-74.052293"
"08/28/2015","AQS","340171003","3","16","ug/m3 SC","15","Jersey City Firehouse","1","100.0000","81102","PM10 Total 0-10um STP","35620","New York-Newark-Jersey City, NY-NJ-PA","34","New Jersey","017","Hudson","40.725413","-74.052293"
"09/03/2015","AQS","340171003","3","45","ug/m3 SC","42","Jersey City Firehouse","1","100.0000","81102","PM10 Total 0-10um STP","35620","New York-Newark-Jersey City, NY-NJ-PA","34","New Jersey","017","Hudson","40.725413","-74.052293"
"09/09/2015","AQS","340171003","3","17","ug/m3 SC","16","Jersey City Firehouse","1","100.0000","81102","PM10 Total 0-10um STP","35620","New York-Newark-Jersey City, NY-NJ-PA","34","New Jersey","017","Hudson","40.725413","-74.052293"
"09/15/2015","AQS","340171003","3","21","ug/m3 SC","19","Jersey City Firehouse","1","100.0000","81102","PM10 Total 0-10um STP","35620","New York-Newark-Jersey City, NY-NJ-PA","34","New Jersey","017","Hudson","40.725413","-74.052293"
"09/21/2015","AQS","340171003","3","15","ug/m3 SC","14","Jersey City Firehouse","1","100.0000","81102","PM10 Total 0-10um STP","35620","New York-Newark-Jersey City, NY-NJ-PA","34","New Jersey","017","Hudson","40.725413","-74.052293"
"09/27/2015","AQS","340171003","3","20","ug/m3 SC","19","Jersey City Firehouse","1","100.0000","81102","PM10 Total 0-10um STP","35620","New York-Newark-Jersey City, NY-NJ-PA","34","New Jersey","017","Hudson","40.725413","-74.052293"
"10/03/2015","AQS","340171003","3","6","ug/m3 SC","6","Jersey City Firehouse","1","100.0000","81102","PM10 Total 0-10um STP","35620","New York-Newark-Jersey City, NY-NJ-PA","34","New Jersey","017","Hudson","40.725413","-74.052293"
"10/09/2015","AQS","340171003","3","18","ug/m3 SC","17","Jersey City Firehouse","1","100.0000","81102","PM10 Total 0-10um STP","35620","New York-Newark-Jersey City, NY-NJ-PA","34","New Jersey","017","Hudson","40.725413","-74.052293"
"10/15/2015","AQS","340171003","3","13","ug/m3 SC","12","Jersey City Firehouse","1","100.0000","81102","PM10 Total 0-10um STP","35620","New York-Newark-Jersey City, NY-NJ-PA","34","New Jersey","017","Hudson","40.725413","-74.052293"
"10/21/2015","AQS","340171003","3","37","ug/m3 SC","34","Jersey City Firehouse","1","100.0000","81102","PM10 Total 0-10um STP","35620","New York-Newark-Jersey City, NY-NJ-PA","34","New Jersey","017","Hudson","40.725413","-74.052293"
"10/27/2015","AQS","340171003","3","16","ug/m3 SC","15","Jersey City Firehouse","1","100.0000","81102","PM10 Total 0-10um STP","35620","New York-Newark-Jersey City, NY-NJ-PA","34","New Jersey","017","Hudson","40.725413","-74.052293"
"11/02/2015","AQS","340171003","3","25","ug/m3 SC","23","Jersey City Firehouse","1","100.0000","81102","PM10 Total 0-10um STP","35620","New York-Newark-Jersey City, NY-NJ-PA","34","New Jersey","017","Hudson","40.725413","-74.052293"
"11/08/2015","AQS","340171003","3","8","ug/m3 SC","7","Jersey City Firehouse","1","100.0000","81102","PM10 Total 0-10um STP","35620","New York-Newark-Jersey City, NY-NJ-PA","34","New Jersey","017","Hudson","40.725413","-74.052293"
"11/14/2015","AQS","340171003","3","7","ug/m3 SC","6","Jersey City Firehouse","1","100.0000","81102","PM10 Total 0-10um STP","35620","New York-Newark-Jersey City, NY-NJ-PA","34","New Jersey","017","Hudson","40.725413","-74.052293"
"11/20/2015","AQS","340171003","3","10","ug/m3 SC","9","Jersey City Firehouse","1","100.0000","81102","PM10 Total 0-10um STP","35620","New York-Newark-Jersey City, NY-NJ-PA","34","New Jersey","017","Hudson","40.725413","-74.052293"
"11/26/2015","AQS","340171003","3","24","ug/m3 SC","22","Jersey City Firehouse","1","100.0000","81102","PM10 Total 0-10um STP","35620","New York-Newark-Jersey City, NY-NJ-PA","34","New Jersey","017","Hudson","40.725413","-74.052293"
"12/02/2015","AQS","340171003","3","19","ug/m3 SC","18","Jersey City Firehouse","1","100.0000","81102","PM10 Total 0-10um STP","35620","New York-Newark-Jersey City, NY-NJ-PA","34","New Jersey","017","Hudson","40.725413","-74.052293"
"12/08/2015","AQS","340171003","3","24","ug/m3 SC","22","Jersey City Firehouse","1","100.0000","81102","PM10 Total 0-10um STP","35620","New York-Newark-Jersey City, NY-NJ-PA","34","New Jersey","017","Hudson","40.725413","-74.052293"
"12/14/2015","AQS","340171003","3","28","ug/m3 SC","26","Jersey City Firehouse","1","100.0000","81102","PM10 Total 0-10um STP","35620","New York-Newark-Jersey City, NY-NJ-PA","34","New Jersey","017","Hudson","40.725413","-74.052293"
"12/20/2015","AQS","340171003","3","8","ug/m3 SC","7","Jersey City Firehouse","1","100.0000","81102","PM10 Total 0-10um STP","35620","New York-Newark-Jersey City, NY-NJ-PA","34","New Jersey","017","Hudson","40.725413","-74.052293"
"12/26/2015","AQS","340171003","3","8","ug/m3 SC","7","Jersey City Firehouse","1","100.0000","81102","PM10 Total 0-10um STP","35620","New York-Newark-Jersey City, NY-NJ-PA","34","New Jersey","017","Hudson","40.725413","-74.052293"
