"Date","PM10 AQI Value","Main Pollutant","Site Name","Site ID","Source"
"01/03/2011","25","","Jersey City Firehouse","34-017-1003","AQS"
"01/09/2011","20","","Jersey City Firehouse","34-017-1003","AQS"
"01/15/2011","35","","Jersey City Firehouse","34-017-1003","AQS"
"01/21/2011","21","","Jersey City Firehouse","34-017-1003","AQS"
"01/27/2011","18","","Jersey City Firehouse","34-017-1003","AQS"
"02/02/2011","15","","Jersey City Firehouse","34-017-1003","AQS"
"02/08/2011","19","","Jersey City Firehouse","34-017-1003","AQS"
"02/14/2011","30","","Jersey City Firehouse","34-017-1003","AQS"
"02/20/2011","31","","Jersey City Firehouse","34-017-1003","AQS"
"02/26/2011","14","","Jersey City Firehouse","34-017-1003","AQS"
"03/04/2011","23","","Jersey City Firehouse","34-017-1003","AQS"
"03/10/2011","28","","Jersey City Firehouse","34-017-1003","AQS"
"03/16/2011","10","","Jersey City Firehouse","34-017-1003","AQS"
"03/22/2011","22","","Jersey City Firehouse","34-017-1003","AQS"
"03/28/2011","23","","Jersey City Firehouse","34-017-1003","AQS"
"04/03/2011","17","","Jersey City Firehouse","34-017-1003","AQS"
"04/09/2011","31","","Jersey City Firehouse","34-017-1003","AQS"
"04/15/2011","23","","Jersey City Firehouse","34-017-1003","AQS"
"04/21/2011","25","","Jersey City Firehouse","34-017-1003","AQS"
"04/27/2011","22","","Jersey City Firehouse","34-017-1003","AQS"
"05/03/2011","35","","Jersey City Firehouse","34-017-1003","AQS"
"05/09/2011","44","","Jersey City Firehouse","34-017-1003","AQS"
"05/15/2011","40","","Jersey City Firehouse","34-017-1003","AQS"
"05/21/2011","32","","Jersey City Firehouse","34-017-1003","AQS"
"05/27/2011","41","","Jersey City Firehouse","34-017-1003","AQS"
"06/02/2011","49","","Jersey City Firehouse","34-017-1003","AQS"
"06/08/2011","55","","Jersey City Firehouse","34-017-1003","AQS"
"06/14/2011","22","","Jersey City Firehouse","34-017-1003","AQS"
"06/20/2011","36","","Jersey City Firehouse","34-017-1003","AQS"
"06/26/2011","19","","Jersey City Firehouse","34-017-1003","AQS"
"07/02/2011","53","","Jersey City Firehouse","34-017-1003","AQS"
"07/08/2011","50","","Jersey City Firehouse","34-017-1003","AQS"
"07/14/2011","54","","Jersey City Firehouse","34-017-1003","AQS"
"07/20/2011","52","","Jersey City Firehouse","34-017-1003","AQS"
"07/26/2011","32","","Jersey City Firehouse","34-017-1003","AQS"
"08/01/2011","31","","Jersey City Firehouse","34-017-1003","AQS"
"08/07/2011","21","","Jersey City Firehouse","34-017-1003","AQS"
"08/13/2011","30","","Jersey City Firehouse","34-017-1003","AQS"
"08/19/2011","27","","Jersey City Firehouse","34-017-1003","AQS"
"08/25/2011","19","","Jersey City Firehouse","34-017-1003","AQS"
"08/31/2011","29","","Jersey City Firehouse","34-017-1003","AQS"
"09/06/2011","8","","Jersey City Firehouse","34-017-1003","AQS"
"09/12/2011","28","","Jersey City Firehouse","34-017-1003","AQS"
"09/18/2011","22","","Jersey City Firehouse","34-017-1003","AQS"
"09/24/2011","52","","Jersey City Firehouse","34-017-1003","AQS"
"09/30/2011","44","","Jersey City Firehouse","34-017-1003","AQS"
"10/06/2011","55","","Jersey City Firehouse","34-017-1003","AQS"
"10/12/2011","53","","Jersey City Firehouse","34-017-1003","AQS"
"10/18/2011","50","","Jersey City Firehouse","34-017-1003","AQS"
"10/24/2011","28","","Jersey City Firehouse","34-017-1003","AQS"
"10/30/2011","15","","Jersey City Firehouse","34-017-1003","AQS"
"11/05/2011","23","","Jersey City Firehouse","34-017-1003","AQS"
"11/11/2011","20","","Jersey City Firehouse","34-017-1003","AQS"
"11/17/2011","26","","Jersey City Firehouse","34-017-1003","AQS"
"11/23/2011","15","","Jersey City Firehouse","34-017-1003","AQS"
"11/29/2011","20","","Jersey City Firehouse","34-017-1003","AQS"
"12/05/2011","33","","Jersey City Firehouse","34-017-1003","AQS"
"12/11/2011","14","","Jersey City Firehouse","34-017-1003","AQS"
"12/17/2011","14","","Jersey City Firehouse","34-017-1003","AQS"
"12/23/2011","9","","Jersey City Firehouse","34-017-1003","AQS"
"12/29/2011","11","","Jersey City Firehouse","34-017-1003","AQS"
"01/04/2012","10","","Jersey City Firehouse","34-017-1003","AQS"
"01/10/2012","23","","Jersey City Firehouse","34-017-1003","AQS"
"01/16/2012","15","","Jersey City Firehouse","34-017-1003","AQS"
"01/22/2012","16","","Jersey City Firehouse","34-017-1003","AQS"
"01/28/2012","12","","Jersey City Firehouse","34-017-1003","AQS"
"02/03/2012","17","","Jersey City Firehouse","34-017-1003","AQS"
"02/09/2012","26","","Jersey City Firehouse","34-017-1003","AQS"
"02/15/2012","31","","Jersey City Firehouse","34-017-1003","AQS"
"02/21/2012","30","","Jersey City Firehouse","34-017-1003","AQS"
"02/27/2012","34","","Jersey City Firehouse","34-017-1003","AQS"
"03/04/2012","23","","Jersey City Firehouse","34-017-1003","AQS"
"03/10/2012","31","","Jersey City Firehouse","34-017-1003","AQS"
"03/16/2012","44","","Jersey City Firehouse","34-017-1003","AQS"
"03/22/2012","48","","Jersey City Firehouse","34-017-1003","AQS"
"03/28/2012","31","","Jersey City Firehouse","34-017-1003","AQS"
"04/03/2012","13","","Jersey City Firehouse","34-017-1003","AQS"
"04/09/2012","60","","Jersey City Firehouse","34-017-1003","AQS"
"04/15/2012","36","","Jersey City Firehouse","34-017-1003","AQS"
"04/21/2012","23","","Jersey City Firehouse","34-017-1003","AQS"
"05/09/2012","26","","Jersey City Firehouse","34-017-1003","AQS"
"05/15/2012","35","","Jersey City Firehouse","34-017-1003","AQS"
"05/21/2012","21","","Jersey City Firehouse","34-017-1003","AQS"
"05/27/2012","43","","Jersey City Firehouse","34-017-1003","AQS"
"06/02/2012","19","","Jersey City Firehouse","34-017-1003","AQS"
"06/08/2012","36","","Jersey City Firehouse","34-017-1003","AQS"
"06/14/2012","31","","Jersey City Firehouse","34-017-1003","AQS"
"06/20/2012","41","","Jersey City Firehouse","34-017-1003","AQS"
"06/26/2012","24","","Jersey City Firehouse","34-017-1003","AQS"
"07/02/2012","32","","Jersey City Firehouse","34-017-1003","AQS"
"07/08/2012","41","","Jersey City Firehouse","34-017-1003","AQS"
"07/20/2012","55","","Jersey City Firehouse","34-017-1003","AQS"
"07/26/2012","34","","Jersey City Firehouse","34-017-1003","AQS"
"08/01/2012","51","","Jersey City Firehouse","34-017-1003","AQS"
"08/07/2012","67","","Jersey City Firehouse","34-017-1003","AQS"
"08/12/2012","21","","Jersey City Firehouse","34-017-1003","AQS"
"08/19/2012","23","","Jersey City Firehouse","34-017-1003","AQS"
"08/25/2012","42","","Jersey City Firehouse","34-017-1003","AQS"
"08/31/2012","41","","Jersey City Firehouse","34-017-1003","AQS"
"09/06/2012","26","","Jersey City Firehouse","34-017-1003","AQS"
"09/12/2012","36","","Jersey City Firehouse","34-017-1003","AQS"
"09/18/2012","19","","Jersey City Firehouse","34-017-1003","AQS"
"09/24/2012","15","","Jersey City Firehouse","34-017-1003","AQS"
"09/30/2012","19","","Jersey City Firehouse","34-017-1003","AQS"
"10/06/2012","23","","Jersey City Firehouse","34-017-1003","AQS"
"10/18/2012","16","","Jersey City Firehouse","34-017-1003","AQS"
"10/24/2012","36","","Jersey City Firehouse","34-017-1003","AQS"
"11/11/2012","25","","Jersey City Firehouse","34-017-1003","AQS"
"11/17/2012","22","","Jersey City Firehouse","34-017-1003","AQS"
"11/23/2012","30","","Jersey City Firehouse","34-017-1003","AQS"
"11/29/2012","32","","Jersey City Firehouse","34-017-1003","AQS"
"12/05/2012","15","","Jersey City Firehouse","34-017-1003","AQS"
"12/11/2012","12","","Jersey City Firehouse","34-017-1003","AQS"
"12/17/2012","12","","Jersey City Firehouse","34-017-1003","AQS"
"12/23/2012","12","","Jersey City Firehouse","34-017-1003","AQS"
"12/29/2012","16","","Jersey City Firehouse","34-017-1003","AQS"
"01/04/2013","20","","Jersey City Firehouse","34-017-1003","AQS"
"01/10/2013","19","","Jersey City Firehouse","34-017-1003","AQS"
"01/16/2013","14","","Jersey City Firehouse","34-017-1003","AQS"
"01/22/2013","22","","Jersey City Firehouse","34-017-1003","AQS"
"01/28/2013","39","","Jersey City Firehouse","34-017-1003","AQS"
"02/03/2013","25","","Jersey City Firehouse","34-017-1003","AQS"
"02/09/2013","6","","Jersey City Firehouse","34-017-1003","AQS"
"02/15/2013","36","","Jersey City Firehouse","34-017-1003","AQS"
"02/21/2013","15","","Jersey City Firehouse","34-017-1003","AQS"
"02/27/2013","8","","Jersey City Firehouse","34-017-1003","AQS"
"03/05/2013","13","","Jersey City Firehouse","34-017-1003","AQS"
"03/11/2013","20","","Jersey City Firehouse","34-017-1003","AQS"
"03/17/2013","8","","Jersey City Firehouse","34-017-1003","AQS"
"03/23/2013","11","","Jersey City Firehouse","34-017-1003","AQS"
"03/29/2013","14","","Jersey City Firehouse","34-017-1003","AQS"
"04/04/2013","20","","Jersey City Firehouse","34-017-1003","AQS"
"04/10/2013","40","","Jersey City Firehouse","34-017-1003","AQS"
"04/16/2013","15","","Jersey City Firehouse","34-017-1003","AQS"
"04/22/2013","16","","Jersey City Firehouse","34-017-1003","AQS"
"04/28/2013","28","","Jersey City Firehouse","34-017-1003","AQS"
"05/04/2013","30","","Jersey City Firehouse","34-017-1003","AQS"
"05/10/2013","25","","Jersey City Firehouse","34-017-1003","AQS"
"05/16/2013","49","","Jersey City Firehouse","34-017-1003","AQS"
"05/22/2013","40","","Jersey City Firehouse","34-017-1003","AQS"
"05/28/2013","30","","Jersey City Firehouse","34-017-1003","AQS"
"06/03/2013","17","","Jersey City Firehouse","34-017-1003","AQS"
"06/09/2013","20","","Jersey City Firehouse","34-017-1003","AQS"
"06/15/2013","22","","Jersey City Firehouse","34-017-1003","AQS"
"06/21/2013","23","","Jersey City Firehouse","34-017-1003","AQS"
"06/27/2013","25","","Jersey City Firehouse","34-017-1003","AQS"
"07/09/2013","25","","Jersey City Firehouse","34-017-1003","AQS"
"07/15/2013","19","","Jersey City Firehouse","34-017-1003","AQS"
"07/21/2013","15","","Jersey City Firehouse","34-017-1003","AQS"
"07/27/2013","25","","Jersey City Firehouse","34-017-1003","AQS"
"08/02/2013","15","","Jersey City Firehouse","34-017-1003","AQS"
"08/08/2013","13","","Jersey City Firehouse","34-017-1003","AQS"
"08/14/2013","7","","Jersey City Firehouse","34-017-1003","AQS"
"08/20/2013","23","","Jersey City Firehouse","34-017-1003","AQS"
"08/26/2013","22","","Jersey City Firehouse","34-017-1003","AQS"
"09/01/2013","16","","Jersey City Firehouse","34-017-1003","AQS"
"09/07/2013","16","","Jersey City Firehouse","34-017-1003","AQS"
"09/13/2013","8","","Jersey City Firehouse","34-017-1003","AQS"
"09/15/2013","6","","Jersey City Firehouse","34-017-1003","AQS"
"09/19/2013","23","","Jersey City Firehouse","34-017-1003","AQS"
"09/25/2013","11","","Jersey City Firehouse","34-017-1003","AQS"
"10/01/2013","24","","Jersey City Firehouse","34-017-1003","AQS"
"10/07/2013","13","","Jersey City Firehouse","34-017-1003","AQS"
"10/13/2013","16","","Jersey City Firehouse","34-017-1003","AQS"
"10/19/2013","18","","Jersey City Firehouse","34-017-1003","AQS"
"10/25/2013","11","","Jersey City Firehouse","34-017-1003","AQS"
"10/31/2013","27","","Jersey City Firehouse","34-017-1003","AQS"
"11/12/2013","8","","Jersey City Firehouse","34-017-1003","AQS"
"11/18/2013","8","","Jersey City Firehouse","34-017-1003","AQS"
"11/24/2013","7","","Jersey City Firehouse","34-017-1003","AQS"
"11/30/2013","9","","Jersey City Firehouse","34-017-1003","AQS"
"12/06/2013","10","","Jersey City Firehouse","34-017-1003","AQS"
"12/12/2013","14","","Jersey City Firehouse","34-017-1003","AQS"
"12/18/2013","19","","Jersey City Firehouse","34-017-1003","AQS"
"12/24/2013","10","","Jersey City Firehouse","34-017-1003","AQS"
"12/30/2013","9","","Jersey City Firehouse","34-017-1003","AQS"
"01/02/2014","17","","Newark Firehouse","34-013-0003","AQS"
"01/05/2014","39","","Newark Firehouse","34-013-0003","AQS"
"01/08/2014","15","","Newark Firehouse","34-013-0003","AQS"
"01/11/2014","8","","Jersey City Firehouse","34-017-1003","AQS"
"01/17/2014","29","","Newark Firehouse","34-013-0003","AQS"
"01/20/2014","11","","Newark Firehouse","34-013-0003","AQS"
"01/23/2014","18","","Jersey City Firehouse","34-017-1003","AQS"
"01/26/2014","13","","Newark Firehouse","34-013-0003","AQS"
"01/29/2014","30","","Jersey City Firehouse","34-017-1003","AQS"
"02/01/2014","44","","Newark Firehouse","34-013-0003","AQS"
"02/04/2014","21","","Newark Firehouse","34-013-0003","AQS"
"02/07/2014","19","","Newark Firehouse","34-013-0003","AQS"
"02/10/2014","25","","Jersey City Firehouse","34-017-1003","AQS"
"02/13/2014","6","","Newark Firehouse","34-013-0003","AQS"
"02/16/2014","11","","Jersey City Firehouse","34-017-1003","AQS"
"02/19/2014","46","","Newark Firehouse","34-013-0003","AQS"
"02/22/2014","19","","Jersey City Firehouse","34-017-1003","AQS"
"02/25/2014","13","","Newark Firehouse","34-013-0003","AQS"
"02/28/2014","15","","Jersey City Firehouse","34-017-1003","AQS"
"03/06/2014","19","","Newark Firehouse","34-013-0003","AQS"
"03/09/2014","23","","Newark Firehouse","34-013-0003","AQS"
"03/12/2014","39","","Newark Firehouse","34-013-0003","AQS"
"03/15/2014","15","","Newark Firehouse","34-013-0003","AQS"
"03/18/2014","22","","Newark Firehouse","34-013-0003","AQS"
"03/21/2014","8","","Newark Firehouse","34-013-0003","AQS"
"03/24/2014","8","","Jersey City Firehouse","34-017-1003","AQS"
"03/27/2014","16","","Jersey City Firehouse","34-017-1003","AQS"
"03/30/2014","4","","Jersey City Firehouse","34-017-1003","AQS"
"04/02/2014","24","","Newark Firehouse","34-013-0003","AQS"
"04/05/2014","7","","Jersey City Firehouse","34-017-1003","AQS"
"04/08/2014","8","","Newark Firehouse","34-013-0003","AQS"
"04/11/2014","23","","Jersey City Firehouse","34-017-1003","AQS"
"04/17/2014","16","","Newark Firehouse","34-013-0003","AQS"
"04/20/2014","9","","Newark Firehouse","34-013-0003","AQS"
"04/23/2014","22","","Jersey City Firehouse","34-017-1003","AQS"
"04/26/2014","9","","Newark Firehouse","34-013-0003","AQS"
"04/29/2014","15","","Newark Firehouse","34-013-0003","AQS"
"05/02/2014","11","","Newark Firehouse","34-013-0003","AQS"
"05/05/2014","17","","Jersey City Firehouse","34-017-1003","AQS"
"05/08/2014","19","","Newark Firehouse","34-013-0003","AQS"
"05/11/2014","15","","Jersey City Firehouse","34-017-1003","AQS"
"05/14/2014","18","","Newark Firehouse","34-013-0003","AQS"
"05/17/2014","11","","Jersey City Firehouse","34-017-1003","AQS"
"05/20/2014","12","","Newark Firehouse","34-013-0003","AQS"
"05/23/2014","21","","Jersey City Firehouse","34-017-1003","AQS"
"05/26/2014","19","","Newark Firehouse","34-013-0003","AQS"
"05/29/2014","17","","Jersey City Firehouse","34-017-1003","AQS"
"06/01/2014","12","","Newark Firehouse","34-013-0003","AQS"
"06/04/2014","30","","Jersey City Firehouse","34-017-1003","AQS"
"06/07/2014","8","","Newark Firehouse","34-013-0003","AQS"
"06/10/2014","30","","Newark Firehouse","34-013-0003","AQS"
"06/13/2014","10","","Newark Firehouse","34-013-0003","AQS"
"06/16/2014","14","","Newark Firehouse","34-013-0003","AQS"
"06/19/2014","12","","Newark Firehouse","34-013-0003","AQS"
"06/22/2014","20","","Jersey City Firehouse","34-017-1003","AQS"
"06/25/2014","17","","Newark Firehouse","34-013-0003","AQS"
"06/28/2014","19","","Jersey City Firehouse","34-017-1003","AQS"
"07/01/2014","19","","Newark Firehouse","34-013-0003","AQS"
"07/04/2014","12","","Jersey City Firehouse","34-017-1003","AQS"
"07/07/2014","22","","Newark Firehouse","34-013-0003","AQS"
"07/10/2014","21","","Jersey City Firehouse","34-017-1003","AQS"
"07/13/2014","12","","Newark Firehouse","34-013-0003","AQS"
"07/16/2014","16","","Jersey City Firehouse","34-017-1003","AQS"
"07/19/2014","16","","Newark Firehouse","34-013-0003","AQS"
"07/22/2014","25","","Jersey City Firehouse","34-017-1003","AQS"
"07/28/2014","9","","Jersey City Firehouse","34-017-1003","AQS"
"07/31/2014","19","","Newark Firehouse","34-013-0003","AQS"
"08/03/2014","16","","Jersey City Firehouse","34-017-1003","AQS"
"08/06/2014","7","","Newark Firehouse","34-013-0003","AQS"
"08/09/2014","18","","Jersey City Firehouse","34-017-1003","AQS"
"08/12/2014","18","","Newark Firehouse","34-013-0003","AQS"
"08/15/2014","9","","Jersey City Firehouse","34-017-1003","AQS"
"08/21/2014","14","","Jersey City Firehouse","34-017-1003","AQS"
"08/24/2014","8","","Newark Firehouse","34-013-0003","AQS"
"08/27/2014","27","","Jersey City Firehouse","34-017-1003","AQS"
"08/30/2014","13","","Newark Firehouse","34-013-0003","AQS"
"09/02/2014","25","","Jersey City Firehouse","34-017-1003","AQS"
"09/05/2014","21","","Newark Firehouse","34-013-0003","AQS"
"09/08/2014","16","","Jersey City Firehouse","34-017-1003","AQS"
"09/11/2014","16","","Newark Firehouse","34-013-0003","AQS"
"09/14/2014","6","","Jersey City Firehouse","34-017-1003","AQS"
"09/17/2014","8","","Newark Firehouse","34-013-0003","AQS"
"09/20/2014","19","","Newark Firehouse","34-013-0003","AQS"
"09/23/2014","11","","Newark Firehouse","34-013-0003","AQS"
"09/26/2014","19","","Jersey City Firehouse","34-017-1003","AQS"
"09/29/2014","23","","Newark Firehouse","34-013-0003","AQS"
"10/02/2014","10","","Jersey City Firehouse","34-017-1003","AQS"
"10/05/2014","10","","Newark Firehouse","34-013-0003","AQS"
"10/08/2014","13","","Jersey City Firehouse","34-017-1003","AQS"
"10/11/2014","8","","Newark Firehouse","34-013-0003","AQS"
"10/14/2014","16","","Jersey City Firehouse","34-017-1003","AQS"
"10/17/2014","11","","Newark Firehouse","34-013-0003","AQS"
"10/20/2014","15","","Jersey City Firehouse","34-017-1003","AQS"
"10/23/2014","2","","Newark Firehouse","34-013-0003","AQS"
"10/26/2014","7","","Newark Firehouse","34-013-0003","AQS"
"10/29/2014","15","","Newark Firehouse","34-013-0003","AQS"
"11/01/2014","6","","Jersey City Firehouse","34-017-1003","AQS"
"11/04/2014","16","","Newark Firehouse","34-013-0003","AQS"
"11/07/2014","6","","Jersey City Firehouse","34-017-1003","AQS"
"11/10/2014","19","","Newark Firehouse","34-013-0003","AQS"
"11/13/2014","16","","Jersey City Firehouse","34-017-1003","AQS"
"11/16/2014","16","","Newark Firehouse","34-013-0003","AQS"
"11/19/2014","15","","Jersey City Firehouse","34-017-1003","AQS"
"11/22/2014","18","","Newark Firehouse","34-013-0003","AQS"
"11/25/2014","13","","Jersey City Firehouse","34-017-1003","AQS"
"11/28/2014","6","","Newark Firehouse","34-013-0003","AQS"
"12/01/2014","23","","Jersey City Firehouse","34-017-1003","AQS"
"12/04/2014","11","","Newark Firehouse","34-013-0003","AQS"
"12/07/2014","6","","Jersey City Firehouse","34-017-1003","AQS"
"12/13/2014","7","","Jersey City Firehouse","34-017-1003","AQS"
"12/16/2014","24","","Newark Firehouse","34-013-0003","AQS"
"12/19/2014","8","","Jersey City Firehouse","34-017-1003","AQS"
"12/22/2014","16","","Newark Firehouse","34-013-0003","AQS"
"12/25/2014","4","","Jersey City Firehouse","34-017-1003","AQS"
"12/28/2014","9","","Newark Firehouse","34-013-0003","AQS"
"12/31/2014","10","","Jersey City Firehouse","34-017-1003","AQS"
"01/03/2015","11","","Newark Firehouse","34-013-0003","AQS"
"01/06/2015","11","","Jersey City Firehouse","34-017-1003","AQS"
"01/09/2015","13","","Newark Firehouse","34-013-0003","AQS"
"01/12/2015","18","","Jersey City Firehouse","34-017-1003","AQS"
"01/15/2015","18","","Newark Firehouse","34-013-0003","AQS"
"01/18/2015","16","","Jersey City Firehouse","34-017-1003","AQS"
"01/21/2015","16","","Newark Firehouse","34-013-0003","AQS"
"01/24/2015","19","","Jersey City Firehouse","34-017-1003","AQS"
"01/27/2015","4","","Newark Firehouse","34-013-0003","AQS"
"01/30/2015","13","","Jersey City Firehouse","34-017-1003","AQS"
"02/02/2015","6","","Newark Firehouse","34-013-0003","AQS"
"02/05/2015","16","","Jersey City Firehouse","34-017-1003","AQS"
"02/08/2015","35","","Newark Firehouse","34-013-0003","AQS"
"02/11/2015","17","","Newark Firehouse","34-013-0003","AQS"
"02/14/2015","18","","Jersey City Firehouse","34-017-1003","AQS"
"02/17/2015","19","","Jersey City Firehouse","34-017-1003","AQS"
"02/20/2015","13","","Newark Firehouse","34-013-0003","AQS"
"02/23/2015","14","","Jersey City Firehouse","34-017-1003","AQS"
"02/26/2015","11","","Newark Firehouse","34-013-0003","AQS"
"03/01/2015","20","","Newark Firehouse","34-013-0003","AQS"
"03/04/2015","21","","Newark Firehouse","34-013-0003","AQS"
"03/07/2015","33","","Jersey City Firehouse","34-017-1003","AQS"
"03/10/2015","32","","Newark Firehouse","34-013-0003","AQS"
"03/13/2015","19","","Jersey City Firehouse","34-017-1003","AQS"
"03/16/2015","13","","Newark Firehouse","34-013-0003","AQS"
"03/19/2015","13","","Jersey City Firehouse","34-017-1003","AQS"
"03/22/2015","7","","Newark Firehouse","34-013-0003","AQS"
"03/25/2015","35","","Newark Firehouse","34-013-0003","AQS"
"03/31/2015","8","","Jersey City Firehouse","34-017-1003","AQS"
"04/03/2015","15","","Newark Firehouse","34-013-0003","AQS"
"04/06/2015","26","","Newark Firehouse","34-013-0003","AQS"
"04/09/2015","6","","Newark Firehouse","34-013-0003","AQS"
"04/12/2015","11","","Jersey City Firehouse","34-017-1003","AQS"
"04/15/2015","8","","Newark Firehouse","34-013-0003","AQS"
"04/18/2015","19","","Jersey City Firehouse","34-017-1003","AQS"
"04/21/2015","7","","Newark Firehouse","34-013-0003","AQS"
"04/24/2015","8","","Jersey City Firehouse","34-017-1003","AQS"
"04/27/2015","1","","Newark Firehouse","34-013-0003","AQS"
"04/30/2015","15","","Jersey City Firehouse","34-017-1003","AQS"
"05/03/2015","18","","Newark Firehouse","34-013-0003","AQS"
"05/06/2015","27","","Jersey City Firehouse","34-017-1003","AQS"
"05/09/2015","26","","Newark Firehouse","34-013-0003","AQS"
"05/12/2015","37","","Jersey City Firehouse","34-017-1003","AQS"
"05/15/2015","24","","Newark Firehouse","34-013-0003","AQS"
"05/18/2015","29","","Jersey City Firehouse","34-017-1003","AQS"
"05/21/2015","10","","Newark Firehouse","34-013-0003","AQS"
"05/24/2015","23","","Jersey City Firehouse","34-017-1003","AQS"
"05/27/2015","22","","Newark Firehouse","34-013-0003","AQS"
"05/30/2015","21","","Jersey City Firehouse","34-017-1003","AQS"
"06/02/2015","4","","Newark Firehouse","34-013-0003","AQS"
"06/05/2015","17","","Jersey City Firehouse","34-017-1003","AQS"
"06/11/2015","41","","Jersey City Firehouse","34-017-1003","AQS"
"06/14/2015","14","","Newark Firehouse","34-013-0003","AQS"
"06/17/2015","16","","Jersey City Firehouse","34-017-1003","AQS"
"06/20/2015","17","","Newark Firehouse","34-013-0003","AQS"
"06/23/2015","36","","Jersey City Firehouse","34-017-1003","AQS"
"06/26/2015","18","","Newark Firehouse","34-013-0003","AQS"
"06/29/2015","7","","Jersey City Firehouse","34-017-1003","AQS"
"07/02/2015","18","","Newark Firehouse","34-013-0003","AQS"
"07/05/2015","19","","Newark Firehouse","34-013-0003","AQS"
"07/08/2015","22","","Newark Firehouse","34-013-0003","AQS"
"07/11/2015","23","","Jersey City Firehouse","34-017-1003","AQS"
"07/14/2015","17","","Newark Firehouse","34-013-0003","AQS"
"07/17/2015","19","","Jersey City Firehouse","34-017-1003","AQS"
"07/20/2015","19","","Newark Firehouse","34-013-0003","AQS"
"07/23/2015","17","","Jersey City Firehouse","34-017-1003","AQS"
"07/26/2015","17","","Newark Firehouse","34-013-0003","AQS"
"07/29/2015","27","","Jersey City Firehouse","34-017-1003","AQS"
"08/01/2015","15","","Newark Firehouse","34-013-0003","AQS"
"08/04/2015","17","","Jersey City Firehouse","34-017-1003","AQS"
"08/07/2015","13","","Newark Firehouse","34-013-0003","AQS"
"08/10/2015","13","","Newark Firehouse","34-013-0003","AQS"
"08/13/2015","6","","Newark Firehouse","34-013-0003","AQS"
"08/16/2015","23","","Jersey City Firehouse","34-017-1003","AQS"
"08/19/2015","13","","Newark Firehouse","34-013-0003","AQS"
"08/22/2015","10","","Jersey City Firehouse","34-017-1003","AQS"
"08/25/2015","18","","Newark Firehouse","34-013-0003","AQS"
"08/28/2015","15","","Jersey City Firehouse","34-017-1003","AQS"
"08/31/2015","24","","Newark Firehouse","34-013-0003","AQS"
"09/03/2015","42","","Jersey City Firehouse","34-017-1003","AQS"
"09/06/2015","11","","Newark Firehouse","34-013-0003","AQS"
"09/09/2015","16","","Newark Firehouse","34-013-0003","AQS"
"09/12/2015","12","","Newark Firehouse","34-013-0003","AQS"
"09/15/2015","19","","Jersey City Firehouse","34-017-1003","AQS"
"09/18/2015","26","","Newark Firehouse","34-013-0003","AQS"
"09/21/2015","14","","Jersey City Firehouse","34-017-1003","AQS"
"09/24/2015","16","","Newark Firehouse","34-013-0003","AQS"
"09/27/2015","19","","Jersey City Firehouse","34-017-1003","AQS"
"09/30/2015","6","","Newark Firehouse","34-013-0003","AQS"
"10/03/2015","6","","Jersey City Firehouse","34-017-1003","AQS"
"10/06/2015","9","","Newark Firehouse","34-013-0003","AQS"
"10/09/2015","17","","Jersey City Firehouse","34-017-1003","AQS"
"10/12/2015","14","","Newark Firehouse","34-013-0003","AQS"
"10/15/2015","12","","Jersey City Firehouse","34-017-1003","AQS"
"10/18/2015","3","","Newark Firehouse","34-013-0003","AQS"
"10/21/2015","34","","Jersey City Firehouse","34-017-1003","AQS"
"10/24/2015","9","","Newark Firehouse","34-013-0003","AQS"
"10/27/2015","15","","Jersey City Firehouse","34-017-1003","AQS"
"10/30/2015","5","","Newark Firehouse","34-013-0003","AQS"
"11/02/2015","23","","Jersey City Firehouse","34-017-1003","AQS"
"11/05/2015","23","","Newark Firehouse","34-013-0003","AQS"
"11/08/2015","7","","Jersey City Firehouse","34-017-1003","AQS"
"11/11/2015","5","","Newark Firehouse","34-013-0003","AQS"
"11/14/2015","6","","Jersey City Firehouse","34-017-1003","AQS"
"11/17/2015","13","","Newark Firehouse","34-013-0003","AQS"
"11/20/2015","9","","Jersey City Firehouse","34-017-1003","AQS"
"11/23/2015","3","","Newark Firehouse","34-013-0003","AQS"
"11/26/2015","22","","Jersey City Firehouse","34-017-1003","AQS"
"11/29/2015","4","","Newark Firehouse","34-013-0003","AQS"
"12/02/2015","18","","Jersey City Firehouse","34-017-1003","AQS"
"12/05/2015","13","","Newark Firehouse","34-013-0003","AQS"
"12/08/2015","22","","Jersey City Firehouse","34-017-1003","AQS"
"12/11/2015","31","","Newark Firehouse","34-013-0003","AQS"
"12/14/2015","30","","Newark Firehouse","34-013-0003","AQS"
"12/17/2015","14","","Newark Firehouse","34-013-0003","AQS"
"12/20/2015","7","","Newark Firehouse","34-013-0003","AQS"
"12/23/2015","17","","Newark Firehouse","34-013-0003","AQS"
"12/26/2015","7","","Newark Firehouse","34-013-0003","AQS"
"12/29/2015","6","","Newark Firehouse","34-013-0003","AQS"
"01/01/2016","3","","Newark Firehouse","34-013-0003","AQS"
"01/04/2016","4","","Newark Firehouse","34-013-0003","AQS"
"01/07/2016","51","","Jersey City Firehouse","34-017-1003","AQS"
"01/10/2016","11","","Newark Firehouse","34-013-0003","AQS"
"01/13/2016","12","","Jersey City Firehouse","34-017-1003","AQS"
"01/16/2016","6","","Newark Firehouse","34-013-0003","AQS"
"01/19/2016","16","","Jersey City Firehouse","34-017-1003","AQS"
"01/22/2016","6","","Newark Firehouse","34-013-0003","AQS"
"01/25/2016","21","","Newark Firehouse","34-013-0003","AQS"
"01/28/2016","24","","Newark Firehouse","34-013-0003","AQS"
"01/31/2016","19","","Newark Firehouse","34-013-0003","AQS"
"02/03/2016","15","","Newark Firehouse","34-013-0003","AQS"
"02/06/2016","14","","Jersey City Firehouse","34-017-1003","AQS"
"02/09/2016","16","","Newark Firehouse","34-013-0003","AQS"
"02/12/2016","15","","Jersey City Firehouse","34-017-1003","AQS"
"02/15/2016","19","","Newark Firehouse","34-013-0003","AQS"
"02/18/2016","10","","Jersey City Firehouse","34-017-1003","AQS"
"02/21/2016","9","","Newark Firehouse","34-013-0003","AQS"
"02/24/2016","10","","Jersey City Firehouse","34-017-1003","AQS"
"02/27/2016","6","","Newark Firehouse","34-013-0003","AQS"
"03/01/2016","15","","Jersey City Firehouse","34-017-1003","AQS"
"03/04/2016","11","","Newark Firehouse","34-013-0003","AQS"
"03/07/2016","28","","Jersey City Firehouse","34-017-1003","AQS"
"03/10/2016","22","","Newark Firehouse","34-013-0003","AQS"
"03/13/2016","11","","Jersey City Firehouse","34-017-1003","AQS"
"03/16/2016","18","","Newark Firehouse","34-013-0003","AQS"
"03/19/2016","5","","Jersey City Firehouse","34-017-1003","AQS"
"03/22/2016","9","","Newark Firehouse","34-013-0003","AQS"
"03/25/2016","25","","Newark Firehouse","34-013-0003","AQS"
"03/28/2016","6","","Newark Firehouse","34-013-0003","AQS"
"03/31/2016","19","","Newark Firehouse","34-013-0003","AQS"
"04/03/2016","4","","Newark Firehouse","34-013-0003","AQS"
"04/06/2016","15","","Jersey City Firehouse","34-017-1003","AQS"
"04/09/2016","6","","Newark Firehouse","34-013-0003","AQS"
"04/12/2016","10","","Jersey City Firehouse","34-017-1003","AQS"
"04/15/2016","31","","Newark Firehouse","34-013-0003","AQS"
"04/18/2016","25","","Jersey City Firehouse","34-017-1003","AQS"
"04/21/2016","19","","Newark Firehouse","34-013-0003","AQS"
"04/24/2016","10","","Newark Firehouse","34-013-0003","AQS"
"04/27/2016","11","","Newark Firehouse","34-013-0003","AQS"
"04/30/2016","14","","Jersey City Firehouse","34-017-1003","AQS"
"05/03/2016","10","","Newark Firehouse","34-013-0003","AQS"
"05/06/2016","8","","Jersey City Firehouse","34-017-1003","AQS"
"05/09/2016","14","","Newark Firehouse","34-013-0003","AQS"
"05/12/2016","31","","Jersey City Firehouse","34-017-1003","AQS"
"05/15/2016","5","","Newark Firehouse","34-013-0003","AQS"
"05/18/2016","15","","Jersey City Firehouse","34-017-1003","AQS"
"05/21/2016","16","","Newark Firehouse","34-013-0003","AQS"
"05/24/2016","14","","Jersey City Firehouse","34-017-1003","AQS"
"05/27/2016","36","","Newark Firehouse","34-013-0003","AQS"
"05/30/2016","9","","Jersey City Firehouse","34-017-1003","AQS"
"06/02/2016","19","","Newark Firehouse","34-013-0003","AQS"
"06/05/2016","10","","Newark Firehouse","34-013-0003","AQS"
"06/08/2016","6","","Newark Firehouse","34-013-0003","AQS"
"06/11/2016","23","","Jersey City Firehouse","34-017-1003","AQS"
"06/14/2016","6","","Newark Firehouse","34-013-0003","AQS"
"06/17/2016","20","","Jersey City Firehouse","34-017-1003","AQS"
"06/20/2016","24","","Newark Firehouse","34-013-0003","AQS"
"06/23/2016","30","","Jersey City Firehouse","34-017-1003","AQS"
"06/26/2016","19","","Newark Firehouse","34-013-0003","AQS"
"06/29/2016","14","","Jersey City Firehouse","34-017-1003","AQS"
"07/02/2016","7","","Newark Firehouse","34-013-0003","AQS"
"07/05/2016","9","","Jersey City Firehouse","34-017-1003","AQS"
"07/11/2016","10","","Jersey City Firehouse","34-017-1003","AQS"
"07/14/2016","20","","Newark Firehouse","34-013-0003","AQS"
"07/17/2016","15","","Jersey City Firehouse","34-017-1003","AQS"
"07/20/2016","10","","Newark Firehouse","34-013-0003","AQS"
"07/23/2016","18","","Jersey City Firehouse","34-017-1003","AQS"
"07/26/2016","10","","Newark Firehouse","34-013-0003","AQS"
"07/29/2016","17","","Jersey City Firehouse","34-017-1003","AQS"
"08/01/2016","15","","Newark Firehouse","34-013-0003","AQS"
"08/04/2016","14","","Newark Firehouse","34-013-0003","AQS"
"08/07/2016","6","","Newark Firehouse","34-013-0003","AQS"
"08/10/2016","18","","Jersey City Firehouse","34-017-1003","AQS"
"08/13/2016","15","","Newark Firehouse","34-013-0003","AQS"
"08/16/2016","19","","Jersey City Firehouse","34-017-1003","AQS"
"08/19/2016","16","","Newark Firehouse","34-013-0003","AQS"
"08/22/2016","13","","Jersey City Firehouse","34-017-1003","AQS"
"08/25/2016","18","","Newark Firehouse","34-013-0003","AQS"
"08/28/2016","17","","Jersey City Firehouse","34-017-1003","AQS"
"08/31/2016","19","","Newark Firehouse","34-013-0003","AQS"
"09/03/2016","53","","Newark Firehouse","34-013-0003","AQS"
"09/06/2016","10","","Newark Firehouse","34-013-0003","AQS"
"09/09/2016","23","","Jersey City Firehouse","34-017-1003","AQS"
"09/12/2016","11","","Newark Firehouse","34-013-0003","AQS"
"09/15/2016","9","","Jersey City Firehouse","34-017-1003","AQS"
"09/18/2016","14","","Newark Firehouse","34-013-0003","AQS"
"09/21/2016","19","","Jersey City Firehouse","34-017-1003","AQS"
"09/27/2016","12","","Jersey City Firehouse","34-017-1003","AQS"
"09/30/2016","8","","Newark Firehouse","34-013-0003","AQS"
"10/03/2016","16","","Jersey City Firehouse","34-017-1003","AQS"
"10/06/2016","26","","Newark Firehouse","34-013-0003","AQS"
"10/09/2016","6","","Newark Firehouse","34-013-0003","AQS"
"10/12/2016","19","","Newark Firehouse","34-013-0003","AQS"
"10/15/2016","14","","Jersey City Firehouse","34-017-1003","AQS"
"10/18/2016","23","","Newark Firehouse","34-013-0003","AQS"
"10/21/2016","19","","Newark Firehouse","34-013-0003","AQS"
"10/24/2016","8","","Newark Firehouse","34-013-0003","AQS"
"10/27/2016","9","","Jersey City Firehouse","34-017-1003","AQS"
"10/30/2016","15","","Newark Firehouse","34-013-0003","AQS"
"11/02/2016","35","","Newark Firehouse","34-013-0003","AQS"
"11/05/2016","9","","Newark Firehouse","34-013-0003","AQS"
"11/08/2016","28","","Newark Firehouse","34-013-0003","AQS"
"11/11/2016","8","","Newark Firehouse","34-013-0003","AQS"
"11/14/2016","26","","Jersey City Firehouse","34-017-1003","AQS"
"11/17/2016","13","","Newark Firehouse","34-013-0003","AQS"
"11/20/2016","3","","Newark Firehouse","34-013-0003","AQS"
"11/23/2016","6","","Newark Firehouse","34-013-0003","AQS"
"11/26/2016","14","","Jersey City Firehouse","34-017-1003","AQS"
"11/29/2016","11","","Newark Firehouse","34-013-0003","AQS"
"12/02/2016","6","","Newark Firehouse","34-013-0003","AQS"
"12/05/2016","10","","Newark Firehouse","34-013-0003","AQS"
"12/08/2016","14","","Jersey City Firehouse","34-017-1003","AQS"
"12/11/2016","12","","Newark Firehouse","34-013-0003","AQS"
"12/14/2016","18","","Jersey City Firehouse","34-017-1003","AQS"
"12/17/2016","14","","Newark Firehouse","34-013-0003","AQS"
"12/20/2016","19","","Jersey City Firehouse","34-017-1003","AQS"
"12/26/2016","12","","Jersey City Firehouse","34-017-1003","AQS"
"01/01/2017","11","","DIVISION STREET","36-061-0134","AQS"
"01/04/2017","7","","Newark Firehouse","34-013-0003","AQS"
"01/07/2017","16","","DIVISION STREET","36-061-0134","AQS"
"01/10/2017","24","","Newark Firehouse","34-013-0003","AQS"
"01/13/2017","13","","Jersey City Firehouse","34-017-1003","AQS"
"01/16/2017","21","","Newark Firehouse","34-013-0003","AQS"
"01/19/2017","11","","Jersey City Firehouse","34-017-1003","AQS"
"01/22/2017","19","","Newark Firehouse","34-013-0003","AQS"
"01/25/2017","10","","DIVISION STREET","36-061-0134","AQS"
"01/31/2017","15","","Jersey City Firehouse","34-017-1003","AQS"
"02/01/2017","18","","DIVISION STREET","36-061-0134","AQS"
"02/03/2017","8","","Newark Firehouse","34-013-0003","AQS"
"02/06/2017","22","","Newark Firehouse","34-013-0003","AQS"
"02/09/2017","5","","Newark Firehouse","34-013-0003","AQS"
"02/12/2017","16","","DIVISION STREET","36-061-0134","AQS"
"02/15/2017","17","","Newark Firehouse","34-013-0003","AQS"
"02/18/2017","26","","QUEENS COLLEGE 2","36-081-0124","AQS"
"02/24/2017","25","","IS 52","36-005-0110","AQS"
"02/27/2017","12","","Newark Firehouse","34-013-0003","AQS"
"03/02/2017","19","","Newark Firehouse","34-013-0003","AQS"
"03/05/2017","5","","Newark Firehouse","34-013-0003","AQS"
"03/08/2017","13","","DIVISION STREET","36-061-0134","AQS"
"03/11/2017","5","","Newark Firehouse","34-013-0003","AQS"
"03/14/2017","6","","Jersey City Firehouse","34-017-1003","AQS"
"03/17/2017","13","","Newark Firehouse","34-013-0003","AQS"
"03/20/2017","12","","Jersey City Firehouse","34-017-1003","AQS"
"03/21/2017","21","","DIVISION STREET","36-061-0134","AQS"
"03/23/2017","7","","Newark Firehouse","34-013-0003","AQS"
"03/26/2017","13","","DIVISION STREET","36-061-0134","AQS"
"03/29/2017","4","","Newark Firehouse","34-013-0003","AQS"
"04/01/2017","6","","DIVISION STREET","36-061-0134","AQS"
"04/04/2017","12","","Newark Firehouse","34-013-0003","AQS"
"04/07/2017","5","","Jersey City Firehouse","34-017-1003","AQS"
"04/08/2017","6","","DIVISION STREET","36-061-0134","AQS"
"04/10/2017","16","","Newark Firehouse","34-013-0003","AQS"
"04/13/2017","10","","Jersey City Firehouse","34-017-1003","AQS"
"04/16/2017","14","","Newark Firehouse","34-013-0003","AQS"
"04/19/2017","19","","Newark Firehouse","34-013-0003","AQS"
"04/22/2017","6","","Newark Firehouse","34-013-0003","AQS"
"04/25/2017","10","","Jersey City Firehouse","34-017-1003","AQS"
"04/28/2017","20","","Newark Firehouse","34-013-0003","AQS"
"05/01/2017","27","","DIVISION STREET","36-061-0134","AQS"
"05/04/2017","13","","Newark Firehouse","34-013-0003","AQS"
"05/07/2017","6","","DIVISION STREET","36-061-0134","AQS"
"05/10/2017","17","","Newark Firehouse","34-013-0003","AQS"
"05/13/2017","5","","Newark Firehouse","34-013-0003","AQS"
"05/19/2017","33","","Jersey City Firehouse","34-017-1003","AQS"
"05/22/2017","12","","Newark Firehouse","34-013-0003","AQS"
"05/25/2017","8","","Jersey City Firehouse","34-017-1003","AQS"
"05/26/2017","9","","DIVISION STREET","36-061-0134","AQS"
"05/28/2017","11","","Newark Firehouse","34-013-0003","AQS"
"05/31/2017","17","","DIVISION STREET","36-061-0134","AQS"
"06/02/2017","14","","QUEENS COLLEGE 2","36-081-0124","AQS"
"06/03/2017","9","","Newark Firehouse","34-013-0003","AQS"
"06/06/2017","7","","Jersey City Firehouse","34-017-1003","AQS"
"06/09/2017","12","","Newark Firehouse","34-013-0003","AQS"
"06/12/2017","32","","DIVISION STREET","36-061-0134","AQS"
"06/13/2017","24","","IS 52","36-005-0110","AQS"
"06/15/2017","17","","Newark Firehouse","34-013-0003","AQS"
"06/18/2017","22","","Jersey City Firehouse","34-017-1003","AQS"
"06/21/2017","13","","Newark Firehouse","34-013-0003","AQS"
"06/24/2017","16","","DIVISION STREET","36-061-0134","AQS"
"06/27/2017","8","","Newark Firehouse","34-013-0003","AQS"
"06/30/2017","31","","IS 52","36-005-0110","AQS"
"07/03/2017","14","","Newark Firehouse","34-013-0003","AQS"
"07/06/2017","18","","DIVISION STREET","36-061-0134","AQS"
"07/09/2017","8","","Newark Firehouse","34-013-0003","AQS"
"07/12/2017","23","","DIVISION STREET","36-061-0134","AQS"
"07/15/2017","7","","Newark Firehouse","34-013-0003","AQS"
"07/18/2017","13","","Newark Firehouse","34-013-0003","AQS"
"07/21/2017","14","","Newark Firehouse","34-013-0003","AQS"
"07/24/2017","10","","Jersey City Firehouse","34-017-1003","AQS"
"07/27/2017","15","","Newark Firehouse","34-013-0003","AQS"
"07/30/2017","12","","DIVISION STREET","36-061-0134","AQS"
"07/31/2017","12","","Jersey City Firehouse","34-017-1003","AQS"
"08/02/2017","21","","Newark Firehouse","34-013-0003","AQS"
"08/05/2017","10","","DIVISION STREET","36-061-0134","AQS"
"08/08/2017","11","","Newark Firehouse","34-013-0003","AQS"
"08/11/2017","15","","Jersey City Firehouse","34-017-1003","AQS"
"08/14/2017","14","","Newark Firehouse","34-013-0003","AQS"
"08/17/2017","19","","Jersey City Firehouse","34-017-1003","AQS"
"08/20/2017","10","","Newark Firehouse","34-013-0003","AQS"
"08/23/2017","12","","DIVISION STREET","36-061-0134","AQS"
"08/26/2017","15","","Newark Firehouse","34-013-0003","AQS"
"08/29/2017","12","","Newark Firehouse","34-013-0003","AQS"
"09/01/2017","6","","Newark Firehouse","34-013-0003","AQS"
"09/04/2017","18","","DIVISION STREET","36-061-0134","AQS"
"09/07/2017","10","","Newark Firehouse","34-013-0003","AQS"
"09/10/2017","10","","Jersey City Firehouse","34-017-1003","AQS"
"09/13/2017","14","","Newark Firehouse","34-013-0003","AQS"
"09/16/2017","26","","DIVISION STREET","36-061-0134","AQS"
"09/19/2017","22","","Newark Firehouse","34-013-0003","AQS"
"09/22/2017","18","","Jersey City Firehouse","34-017-1003","AQS"
"09/25/2017","23","","Newark Firehouse","34-013-0003","AQS"
"09/28/2017","20","","Jersey City Firehouse","34-017-1003","AQS"
"10/01/2017","6","","Newark Firehouse","34-013-0003","AQS"
"10/04/2017","29","","Jersey City Firehouse","34-017-1003","AQS"
"10/07/2017","20","","Newark Firehouse","34-013-0003","AQS"
"10/10/2017","10","","Jersey City Firehouse","34-017-1003","AQS"
"10/13/2017","18","","Newark Firehouse","34-013-0003","AQS"
"10/16/2017","8","","Jersey City Firehouse","34-017-1003","AQS"
"10/19/2017","16","","Newark Firehouse","34-013-0003","AQS"
"10/22/2017","24","","Newark Firehouse","34-013-0003","AQS"
"10/25/2017","10","","Newark Firehouse","34-013-0003","AQS"
"10/28/2017","19","","IS 52","36-005-0110","AQS"
"10/31/2017","12","","Newark Firehouse","34-013-0003","AQS"
"11/03/2017","14","","Newark Firehouse","34-013-0003","AQS"
"11/06/2017","13","","Newark Firehouse","34-013-0003","AQS"
"11/09/2017","14","","Newark Firehouse","34-013-0003","AQS"
"11/12/2017","18","","Newark Firehouse","34-013-0003","AQS"
"11/15/2017","14","","Newark Firehouse","34-013-0003","AQS"
"11/18/2017","15","","Newark Firehouse","34-013-0003","AQS"
"11/21/2017","18","","Newark Firehouse","34-013-0003","AQS"
"11/24/2017","14","","Newark Firehouse","34-013-0003","AQS"
"11/27/2017","12","","Jersey City Firehouse","34-017-1003","AQS"
"11/30/2017","20","","Newark Firehouse","34-013-0003","AQS"
"12/03/2017","25","","Jersey City Firehouse","34-017-1003","AQS"
"12/06/2017","6","","Newark Firehouse","34-013-0003","AQS"
"12/09/2017","16","","Jersey City Firehouse","34-017-1003","AQS"
"12/12/2017","15","","Newark Firehouse","34-013-0003","AQS"
"12/15/2017","19","","Jersey City Firehouse","34-017-1003","AQS"
"12/18/2017","29","","Newark Firehouse","34-013-0003","AQS"
"12/21/2017","13","","Jersey City Firehouse","34-017-1003","AQS"
"12/24/2017","6","","Newark Firehouse","34-013-0003","AQS"
"12/27/2017","13","","Jersey City Firehouse","34-017-1003","AQS"
"12/30/2017","17","","Newark Firehouse","34-013-0003","AQS"
"01/02/2018","22","","DIVISION STREET","36-061-0134","AQS"
"01/05/2018","6","","Newark Firehouse","34-013-0003","AQS"
"01/08/2018","27","","Jersey City Firehouse","34-017-1003","AQS"
"01/11/2018","37","","Newark Firehouse","34-013-0003","AQS"
"01/14/2018","6","","Jersey City Firehouse","34-017-1003","AQS"
"01/17/2018","15","","Newark Firehouse","34-013-0003","AQS"
"01/20/2018","21","","Jersey City Firehouse","34-017-1003","AQS"
"01/23/2018","12","","Newark Firehouse","34-013-0003","AQS"
"01/26/2018","16","","Jersey City Firehouse","34-017-1003","AQS"
"01/29/2018","12","","Newark Firehouse","34-013-0003","AQS"
"02/01/2018","25","","IS 52","36-005-0110","AQS"
"02/04/2018","11","","Newark Firehouse","34-013-0003","AQS"
"02/07/2018","17","","DIVISION STREET","36-061-0134","AQS"
"02/10/2018","26","","Newark Firehouse","34-013-0003","AQS"
"02/13/2018","14","","Jersey City Firehouse","34-017-1003","AQS"
"02/16/2018","6","","Newark Firehouse","34-013-0003","AQS"
"02/19/2018","19","","Newark Firehouse","34-013-0003","AQS"
"02/22/2018","5","","Newark Firehouse","34-013-0003","AQS"
"02/25/2018","8","","DIVISION STREET","36-061-0134","AQS"
"02/28/2018","13","","Newark Firehouse","34-013-0003","AQS"
"03/03/2018","6","","IS 52","36-005-0110","AQS"
"03/06/2018","11","","Newark Firehouse","34-013-0003","AQS"
"03/09/2018","13","","DIVISION STREET","36-061-0134","AQS"
"03/12/2018","10","","Newark Firehouse","34-013-0003","AQS"
"03/15/2018","15","","Jersey City Firehouse","34-017-1003","AQS"
"03/21/2018","12","","Jersey City Firehouse","34-017-1003","AQS"
"03/24/2018","6","","Newark Firehouse","34-013-0003","AQS"
"03/27/2018","22","","DIVISION STREET","36-061-0134","AQS"
"03/30/2018","19","","Newark Firehouse","34-013-0003","AQS"
"04/02/2018","10","","Jersey City Firehouse","34-017-1003","AQS"
"04/05/2018","6","","Newark Firehouse","34-013-0003","AQS"
"04/08/2018","7","","Jersey City Firehouse","34-017-1003","AQS"
"04/11/2018","19","","Newark Firehouse","34-013-0003","AQS"
"04/14/2018","41","","Jersey City Firehouse","34-017-1003","AQS"
"04/17/2018","3","","Newark Firehouse","34-013-0003","AQS"
"04/20/2018","6","","Jersey City Firehouse","34-017-1003","AQS"
"04/26/2018","10","","DIVISION STREET","36-061-0134","AQS"
"04/29/2018","5","","Newark Firehouse","34-013-0003","AQS"
"05/02/2018","31","","Jersey City Firehouse","34-017-1003","AQS"
"05/05/2018","9","","Newark Firehouse","34-013-0003","AQS"
"05/08/2018","19","","Jersey City Firehouse","34-017-1003","AQS"
"05/11/2018","9","","Newark Firehouse","34-013-0003","AQS"
"05/14/2018","18","","DIVISION STREET","36-061-0134","AQS"
"05/17/2018","7","","Newark Firehouse","34-013-0003","AQS"
"05/20/2018","14","","DIVISION STREET","36-061-0134","AQS"
"05/26/2018","27","","IS 52","36-005-0110","AQS"
"06/01/2018","24","","DIVISION STREET","36-061-0134","AQS"
"06/02/2018","15","","QUEENS COLLEGE 2","36-081-0124","AQS"
"06/07/2018","17","","Jersey City Firehouse","34-017-1003","AQS"
"06/10/2018","12","","Newark Firehouse","34-013-0003","AQS"
"06/13/2018","19","","IS 52","36-005-0110","AQS"
"06/16/2018","11","","Newark Firehouse","34-013-0003","AQS"
"06/19/2018","16","","Jersey City Firehouse","34-017-1003","AQS"
"06/22/2018","13","","Newark Firehouse","34-013-0003","AQS"
"06/25/2018","13","","Jersey City Firehouse","34-017-1003","AQS"
"06/28/2018","11","","Newark Firehouse","34-013-0003","AQS"
"07/01/2018","31","","DIVISION STREET","36-061-0134","AQS"
"07/04/2018","21","","Newark Firehouse","34-013-0003","AQS"
"07/07/2018","11","","Jersey City Firehouse","34-017-1003","AQS"
"07/10/2018","18","","Newark Firehouse","34-013-0003","AQS"
"07/13/2018","24","","Jersey City Firehouse","34-017-1003","AQS"
"07/16/2018","20","","Newark Firehouse","34-013-0003","AQS"
"07/19/2018","16","","DIVISION STREET","36-061-0134","AQS"
"07/22/2018","17","","Newark Firehouse","34-013-0003","AQS"
"07/25/2018","15","","DIVISION STREET","36-061-0134","AQS"
"07/28/2018","14","","Newark Firehouse","34-013-0003","AQS"
"07/31/2018","19","","DIVISION STREET","36-061-0134","AQS"
"08/03/2018","13","","Newark Firehouse","34-013-0003","AQS"
"08/06/2018","35","","DIVISION STREET","36-061-0134","AQS"
"08/09/2018","12","","Newark Firehouse","34-013-0003","AQS"
"08/12/2018","14","","DIVISION STREET","36-061-0134","AQS"
"08/15/2018","20","","Newark Firehouse","34-013-0003","AQS"
"08/18/2018","16","","DIVISION STREET","36-061-0134","AQS"
"08/21/2018","12","","Newark Firehouse","34-013-0003","AQS"
"08/24/2018","22","","DIVISION STREET","36-061-0134","AQS"
"08/27/2018","22","","Newark Firehouse","34-013-0003","AQS"
"08/30/2018","18","","DIVISION STREET","36-061-0134","AQS"
"09/02/2018","13","","Newark Firehouse","34-013-0003","AQS"
"09/05/2018","21","","DIVISION STREET","36-061-0134","AQS"
"09/08/2018","9","","Newark Firehouse","34-013-0003","AQS"
"09/11/2018","23","","DIVISION STREET","36-061-0134","AQS"
"09/14/2018","9","","Newark Firehouse","34-013-0003","AQS"
"09/17/2018","19","","DIVISION STREET","36-061-0134","AQS"
"09/20/2018","10","","Newark Firehouse","34-013-0003","AQS"
"09/23/2018","11","","DIVISION STREET","36-061-0134","AQS"
"09/26/2018","11","","Newark Firehouse","34-013-0003","AQS"
"09/29/2018","17","","Jersey City Firehouse","34-017-1003","AQS"
"10/02/2018","15","","Newark Firehouse","34-013-0003","AQS"
"10/05/2018","16","","Jersey City Firehouse","34-017-1003","AQS"
"10/08/2018","13","","Newark Firehouse","34-013-0003","AQS"
"10/11/2018","14","","IS 52","36-005-0110","AQS"
"10/14/2018","6","","Newark Firehouse","34-013-0003","AQS"
"10/17/2018","15","","Jersey City Firehouse","34-017-1003","AQS"
"10/20/2018","8","","Newark Firehouse","34-013-0003","AQS"
"10/23/2018","16","","Jersey City Firehouse","34-017-1003","AQS"
"10/26/2018","9","","Newark Firehouse","34-013-0003","AQS"
"10/29/2018","10","","DIVISION STREET","36-061-0134","AQS"
"11/01/2018","22","","Newark Firehouse","34-013-0003","AQS"
"11/04/2018","9","","DIVISION STREET","36-061-0134","AQS"
"11/07/2018","6","","Newark Firehouse","34-013-0003","AQS"
"11/10/2018","6","","DIVISION STREET","36-061-0134","AQS"
"11/13/2018","6","","Newark Firehouse","34-013-0003","AQS"
"11/16/2018","6","","DIVISION STREET","36-061-0134","AQS"
"11/19/2018","24","","Newark Firehouse","34-013-0003","AQS"
"11/22/2018","5","","Jersey City Firehouse","34-017-1003","AQS"
"11/25/2018","6","","Newark Firehouse","34-013-0003","AQS"
"11/28/2018","6","","DIVISION STREET","36-061-0134","AQS"
"12/01/2018","12","","Newark Firehouse","34-013-0003","AQS"
"12/04/2018","6","","DIVISION STREET","36-061-0134","AQS"
"12/07/2018","6","","Newark Firehouse","34-013-0003","AQS"
"12/10/2018","13","","Newark Firehouse","34-013-0003","AQS"
"12/13/2018","20","","Newark Firehouse","34-013-0003","AQS"
"12/16/2018","7","","DIVISION STREET","36-061-0134","AQS"
"12/19/2018","14","","Newark Firehouse","34-013-0003","AQS"
"12/22/2018","10","","DIVISION STREET","36-061-0134","AQS"
"12/25/2018","6","","Newark Firehouse","34-013-0003","AQS"
"12/28/2018","10","","IS 52","36-005-0110","AQS"
"12/31/2018","14","","Newark Firehouse","34-013-0003","AQS"
"01/03/2019","11","","DIVISION STREET","36-061-0134","AQS"
"01/06/2019","6","","Newark Firehouse","34-013-0003","AQS"
"01/09/2019","8","","DIVISION STREET","36-061-0134","AQS"
"01/12/2019","6","","Newark Firehouse","34-013-0003","AQS"
"01/15/2019","29","","Jersey City Firehouse","34-017-1003","AQS"
"01/18/2019","19","","Newark Firehouse","34-013-0003","AQS"
"01/21/2019","12","","Jersey City Firehouse","34-017-1003","AQS"
"01/24/2019","6","","Newark Firehouse","34-013-0003","AQS"
"01/27/2019","15","","DIVISION STREET","36-061-0134","AQS"
"01/30/2019","13","","Newark Firehouse","34-013-0003","AQS"
"02/02/2019","31","","Jersey City Firehouse","34-017-1003","AQS"
"02/08/2019","9","","DIVISION STREET","36-061-0134","AQS"
"02/11/2019","18","","Newark Firehouse","34-013-0003","AQS"
"02/14/2019","15","","Jersey City Firehouse","34-017-1003","AQS"
"02/20/2019","14","","Jersey City Firehouse","34-017-1003","AQS"
"02/23/2019","11","","Newark Firehouse","34-013-0003","AQS"
"02/26/2019","9","","Jersey City Firehouse","34-017-1003","AQS"
"03/01/2019","15","","Newark Firehouse","34-013-0003","AQS"
"03/04/2019","10","","DIVISION STREET","36-061-0134","AQS"
"03/07/2019","17","","Newark Firehouse","34-013-0003","AQS"
"03/10/2019","16","","Jersey City Firehouse","34-017-1003","AQS"
"03/13/2019","19","","Newark Firehouse","34-013-0003","AQS"
"03/16/2019","6","","DIVISION STREET","36-061-0134","AQS"
"03/19/2019","8","","Newark Firehouse","34-013-0003","AQS"
"03/22/2019","6","","DIVISION STREET","36-061-0134","AQS"
"03/25/2019","9","","Newark Firehouse","34-013-0003","AQS"
"03/28/2019","23","","Jersey City Firehouse","34-017-1003","AQS"
"03/31/2019","15","","Newark Firehouse","34-013-0003","AQS"
"04/03/2019","22","","Jersey City Firehouse","34-017-1003","AQS"
"04/06/2019","7","","Newark Firehouse","34-013-0003","AQS"
"04/09/2019","20","","Newark Firehouse","34-013-0003","AQS"
"04/12/2019","19","","Newark Firehouse","34-013-0003","AQS"
"04/15/2019","9","","DIVISION STREET","36-061-0134","AQS"
"04/18/2019","26","","Newark Firehouse","34-013-0003","AQS"
"04/21/2019","16","","DIVISION STREET","36-061-0134","AQS"
"04/24/2019","9","","Newark Firehouse","34-013-0003","AQS"
"04/27/2019","8","","Jersey City Firehouse","34-017-1003","AQS"
"04/30/2019","13","","Newark Firehouse","34-013-0003","AQS"
"05/03/2019","26","","Jersey City Firehouse","34-017-1003","AQS"
"05/06/2019","10","","Newark Firehouse","34-013-0003","AQS"
"05/09/2019","19","","Jersey City Firehouse","34-017-1003","AQS"
"05/12/2019","4","","Newark Firehouse","34-013-0003","AQS"
"05/15/2019","9","","Jersey City Firehouse","34-017-1003","AQS"
"05/21/2019","13","","DIVISION STREET","36-061-0134","AQS"
"05/24/2019","11","","Newark Firehouse","34-013-0003","AQS"
"05/27/2019","13","","Newark Firehouse","34-013-0003","AQS"
"05/30/2019","16","","Newark Firehouse","34-013-0003","AQS"
"06/02/2019","23","","Jersey City Firehouse","34-017-1003","AQS"
"06/05/2019","19","","Newark Firehouse","34-013-0003","AQS"
"06/08/2019","19","","Jersey City Firehouse","34-017-1003","AQS"
"06/11/2019","7","","Newark Firehouse","34-013-0003","AQS"
"06/14/2019","11","","DIVISION STREET","36-061-0134","AQS"
"06/17/2019","15","","Newark Firehouse","34-013-0003","AQS"
"06/20/2019","16","","DIVISION STREET","36-061-0134","AQS"
"06/23/2019","6","","Newark Firehouse","34-013-0003","AQS"
"06/26/2019","16","","Jersey City Firehouse","34-017-1003","AQS"
"06/29/2019","16","","Newark Firehouse","34-013-0003","AQS"
"07/02/2019","22","","DIVISION STREET","36-061-0134","AQS"
"07/05/2019","15","","Newark Firehouse","34-013-0003","AQS"
"07/08/2019","20","","Jersey City Firehouse","34-017-1003","AQS"
"07/11/2019","17","","Newark Firehouse","34-013-0003","AQS"
"07/14/2019","18","","DIVISION STREET","36-061-0134","AQS"
"07/15/2019","14","","DIVISION STREET","36-061-0134","AQS"
"07/17/2019","19","","Newark Firehouse","34-013-0003","AQS"
"07/20/2019","23","","DIVISION STREET","36-061-0134","AQS"
"07/23/2019","6","","Newark Firehouse","34-013-0003","AQS"
"07/26/2019","19","","Jersey City Firehouse","34-017-1003","AQS"
"07/29/2019","20","","Newark Firehouse","34-013-0003","AQS"
"08/01/2019","18","","DIVISION STREET","36-061-0134","AQS"
"08/04/2019","11","","Newark Firehouse","34-013-0003","AQS"
"08/07/2019","21","","Jersey City Firehouse","34-017-1003","AQS"
"08/10/2019","7","","Newark Firehouse","34-013-0003","AQS"
"08/13/2019","20","","Jersey City Firehouse","34-017-1003","AQS"
"08/16/2019","16","","Newark Firehouse","34-013-0003","AQS"
"08/19/2019","27","","IS 52","36-005-0110","AQS"
"08/22/2019","11","","Newark Firehouse","34-013-0003","AQS"
"08/25/2019","8","","Jersey City Firehouse","34-017-1003","AQS"
"08/31/2019","12","","Jersey City Firehouse","34-017-1003","AQS"
"09/03/2019","11","","Newark Firehouse","34-013-0003","AQS"
"09/06/2019","11","","Jersey City Firehouse","34-017-1003","AQS"
"09/09/2019","10","","Newark Firehouse","34-013-0003","AQS"
"09/12/2019","16","","Jersey City Firehouse","34-017-1003","AQS"
"09/15/2019","9","","Newark Firehouse","34-013-0003","AQS"
"09/18/2019","15","","Jersey City Firehouse","34-017-1003","AQS"
"09/21/2019","31","","Newark Firehouse","34-013-0003","AQS"
"09/24/2019","11","","Jersey City Firehouse","34-017-1003","AQS"
"09/27/2019","12","","Newark Firehouse","34-013-0003","AQS"
"09/30/2019","15","","Jersey City Firehouse","34-017-1003","AQS"
"10/03/2019","6","","Newark Firehouse","34-013-0003","AQS"
"10/06/2019","16","","IS 52","36-005-0110","AQS"
"10/09/2019","6","","Newark Firehouse","34-013-0003","AQS"
"10/12/2019","10","","DIVISION STREET","36-061-0134","AQS"
"10/15/2019","10","","Newark Firehouse","34-013-0003","AQS"
"10/18/2019","5","","Newark Firehouse","34-013-0003","AQS"
"10/21/2019","14","","Newark Firehouse","34-013-0003","AQS"
"10/24/2019","19","","Jersey City Firehouse","34-017-1003","AQS"
"10/27/2019","7","","Newark Firehouse","34-013-0003","AQS"
"10/30/2019","10","","DIVISION STREET","36-061-0134","AQS"
"11/02/2019","7","","Newark Firehouse","34-013-0003","AQS"
"11/05/2019","19","","Jersey City Firehouse","34-017-1003","AQS"
"11/11/2019","31","","Jersey City Firehouse","34-017-1003","AQS"
"11/17/2019","10","","Jersey City Firehouse","34-017-1003","AQS"
"11/23/2019","9","","Newark Firehouse","34-013-0003","AQS"
"11/26/2019","19","","Newark Firehouse","34-013-0003","AQS"
"11/29/2019","5","","DIVISION STREET","36-061-0134","AQS"
"11/30/2019","5","","IS 52","36-005-0110","AQS"
"12/02/2019","6","","Newark Firehouse","34-013-0003","AQS"
"12/05/2019","11","","DIVISION STREET","36-061-0134","AQS"
"12/08/2019","9","","Newark Firehouse","34-013-0003","AQS"
"12/11/2019","13","","DIVISION STREET","36-061-0134","AQS"
"12/14/2019","4","","Newark Firehouse","34-013-0003","AQS"
"12/17/2019","7","","Jersey City Firehouse","34-017-1003","AQS"
"12/20/2019","14","","Newark Firehouse","34-013-0003","AQS"
"12/23/2019","40","","DIVISION STREET","36-061-0134","AQS"
"12/26/2019","29","","Newark Firehouse","34-013-0003","AQS"
"12/29/2019","19","","Newark Firehouse","34-013-0003","AQS"
"01/04/2020","13","","DIVISION STREET","36-061-0134","AQS"
"01/10/2020","17","","DIVISION STREET","36-061-0134","AQS"
"01/16/2020","12","","DIVISION STREET","36-061-0134","AQS"
"01/22/2020","24","","QUEENS COLLEGE 2","36-081-0124","AQS"
"01/28/2020","5","","DIVISION STREET","36-061-0134","AQS"
"02/03/2020","19","","DIVISION STREET","36-061-0134","AQS"
"02/09/2020","13","","DIVISION STREET","36-061-0134","AQS"
"02/15/2020","10","","DIVISION STREET","36-061-0134","AQS"
"02/21/2020","7","","DIVISION STREET","36-061-0134","AQS"
"02/27/2020","6","","DIVISION STREET","36-061-0134","AQS"
"03/04/2020","7","","DIVISION STREET","36-061-0134","AQS"
"05/21/2020","17","","QUEENS COLLEGE 2","36-081-0124","AQS"
"05/27/2020","5","","QUEENS COLLEGE 2","36-081-0124","AQS"
"06/02/2020","16","","QUEENS COLLEGE 2","36-081-0124","AQS"
"06/08/2020","10","","QUEENS COLLEGE 2","36-081-0124","AQS"
"06/14/2020","6","","QUEENS COLLEGE 2","36-081-0124","AQS"
"06/20/2020","13","","QUEENS COLLEGE 2","36-081-0124","AQS"
"06/26/2020","16","","QUEENS COLLEGE 2","36-081-0124","AQS"
"07/02/2020","17","","QUEENS COLLEGE 2","36-081-0124","AQS"
"07/05/2020","19","","Newark Firehouse","34-013-0003","AQS"
"07/08/2020","20","","Jersey City Firehouse","34-017-1003","AQS"
"07/11/2020","11","","Newark Firehouse","34-013-0003","AQS"
"07/14/2020","10","","Jersey City Firehouse","34-017-1003","AQS"
"07/17/2020","15","","Newark Firehouse","34-013-0003","AQS"
"07/20/2020","19","","Jersey City Firehouse","34-017-1003","AQS"
"07/23/2020","11","","Newark Firehouse","34-013-0003","AQS"
"07/26/2020","14","","Jersey City Firehouse","34-017-1003","AQS"
"07/29/2020","15","","Newark Firehouse","34-013-0003","AQS"
"08/01/2020","15","","Jersey City Firehouse","34-017-1003","AQS"
"08/04/2020","17","","Newark Firehouse","34-013-0003","AQS"
"08/07/2020","18","","Jersey City Firehouse","34-017-1003","AQS"
"08/10/2020","21","","Newark Firehouse","34-013-0003","AQS"
"08/13/2020","20","","Jersey City Firehouse","34-017-1003","AQS"
"08/16/2020","9","","Newark Firehouse","34-013-0003","AQS"
"08/19/2020","16","","Jersey City Firehouse","34-017-1003","AQS"
"08/22/2020","11","","Newark Firehouse","34-013-0003","AQS"
"08/25/2020","20","","Jersey City Firehouse","34-017-1003","AQS"
"08/28/2020","11","","Newark Firehouse","34-013-0003","AQS"
"08/31/2020","10","","Jersey City Firehouse","34-017-1003","AQS"
"09/03/2020","11","","Newark Firehouse","34-013-0003","AQS"
"09/06/2020","15","","Jersey City Firehouse","34-017-1003","AQS"
"09/09/2020","15","","Newark Firehouse","34-013-0003","AQS"
"09/12/2020","12","","Jersey City Firehouse","34-017-1003","AQS"
"09/15/2020","9","","Newark Firehouse","34-013-0003","AQS"
"09/18/2020","17","","Jersey City Firehouse","34-017-1003","AQS"
"09/21/2020","7","","Newark Firehouse","34-013-0003","AQS"
"09/24/2020","41","","Jersey City Firehouse","34-017-1003","AQS"
"09/27/2020","8","","Newark Firehouse","34-013-0003","AQS"
"09/30/2020","7","","Jersey City Firehouse","34-017-1003","AQS"
"10/03/2020","6","","Newark Firehouse","34-013-0003","AQS"
"10/06/2020","17","","Jersey City Firehouse","34-017-1003","AQS"
"10/09/2020","15","","Newark Firehouse","34-013-0003","AQS"
"10/12/2020","5","","Jersey City Firehouse","34-017-1003","AQS"
"10/15/2020","14","","Newark Firehouse","34-013-0003","AQS"
"10/18/2020","16","","Jersey City Firehouse","34-017-1003","AQS"
"10/21/2020","12","","Newark Firehouse","34-013-0003","AQS"
"10/24/2020","9","","Jersey City Firehouse","34-017-1003","AQS"
"10/27/2020","6","","Newark Firehouse","34-013-0003","AQS"
"10/30/2020","3","","Newark Firehouse","34-013-0003","AQS"
"11/02/2020","5","","Newark Firehouse","34-013-0003","AQS"
"11/05/2020","19","","Newark Firehouse","34-013-0003","AQS"
"11/08/2020","34","","Newark Firehouse","34-013-0003","AQS"
"11/11/2020","12","","IS 52","36-005-0110","AQS"
"11/17/2020","9","","Jersey City Firehouse","34-017-1003","AQS"
"11/23/2020","13","","Jersey City Firehouse","34-017-1003","AQS"
"11/29/2020","11","","Jersey City Firehouse","34-017-1003","AQS"
"12/02/2020","6","","Newark Firehouse","34-013-0003","AQS"
"12/05/2020","6","","Newark Firehouse","34-013-0003","AQS"
"12/08/2020","6","","Newark Firehouse","34-013-0003","AQS"
"12/11/2020","25","","IS 52","36-005-0110","AQS"
"12/14/2020","4","","Newark Firehouse","34-013-0003","AQS"
"12/17/2020","6","","Jersey City Firehouse","34-017-1003","AQS"
"12/23/2020","10","","Jersey City Firehouse","34-017-1003","AQS"
"12/26/2020","8","","Newark Firehouse","34-013-0003","AQS"
"12/29/2020","8","","Jersey City Firehouse","34-017-1003","AQS"
